stem	total_frequency	forms	avg_similarity	min_similarity	max_collision	worst_form_a	worst_form_b	classification	surface_forms
किय	11462	2	0.75	0.75	0.005168661588683352	किया	किये	STRONG	किया:11438, किये:24
दिय	5965	2	0.75	0.75	0.0025678650036683784	दिया	दिये	STRONG	दिया:5955, दिये:10
रुपय	3578	3	0.7111111111111112	0.6666666666666667	0.01556420233463035	रुपये	रुपया	STRONG	रुपये:3527, रुपया:36, रुपयों:15
शुर	2955	2	0.75	0.75	0.004100761570005858	शुरू	शुरु	STRONG	शुरू:2944, शुरु:11
लिय	2332	3	0.75	0.75	0.00211118930330753	लिया	लिये	STRONG	लिया:2306, लिये:24, लियो:2
ज्याद	2223	2	0.7142857142857143	0.7142857142857143	0.0	ज्यादा	ज्यादती	STRONG	ज्यादा:2221, ज्यादती:2
पार्ट	2042	3	0.6666666666666666	0.5555555555555556	0.09803921568627451	पार्टियों	पार्टियां	STRONG	पार्टी:1965, पार्टियों:52, पार्टियां:25
वीडिय	1936	2	0.8333333333333334	0.8333333333333334	0.003246753246753247	वीडियो	वीडिया	STRONG	वीडियो:1934, वीडिया:2
जानकार	1931	4	0.725	0.6	0.05405405405405406	जानकारियां	जानकारियों	STRONG	जानकारी:1860, जानकारों:28, जानकारियां:24, जानकारियों:19
आग	1872	2	0.6666666666666667	0.6666666666666667	0.0008680555555555555	आगे	आगा	STRONG	आगे:1846, आगा:26
आन	1617	3	0.6666666666666666	0.6666666666666667	0.029684601113172542	आने	आना	STRONG	आने:1497, आना:107, आनी:13
सेव	1390	4	0.6527777777777778	0.5	0.0949367088607595	सेवाओं	सेवाएं	STRONG	सेवा:1159, सेवाओं:130, सेवाएं:97, सेवी:4
इसम	1355	2	0.8	0.8	0.0011235955056179776	इसमें	इसमे	STRONG	इसमें:1347, इसमे:8
व्यवस्थ	1350	3	0.8333333333333334	0.8	0.09876543209876543	व्यवस्थाओं	व्यवस्थाएं	STRONG	व्यवस्था:1250, व्यवस्थाओं:61, व्यवस्थाएं:39
हिस्स	1262	3	0.753968253968254	0.7142857142857143	0.08253968253968254	हिस्से	हिस्सों	STRONG	हिस्सा:759, हिस्से:279, हिस्सों:224
हत्य	1224	3	0.7619047619047619	0.7142857142857143	0.1	हत्याएं	हत्याओं	STRONG	हत्या:1211, हत्याओं:8, हत्याएं:5
मुख्यमंत्र	1202	2	0.7142857142857143	0.7142857142857143	0.004273504273504274	मुख्यमंत्री	मुख्यमंत्रियों	STRONG	मुख्यमंत्री:1197, मुख्यमंत्रियों:5
लंब	1108	4	0.7083333333333334	0.6	0.0743801652892562	लंबे	लंबी	STRONG	लंबे:583, लंबी:318, लंबा:163, लंबाई:44
कैस	1038	3	0.75	0.75	0.06976744186046512	कैसा	कैसी	STRONG	कैसे:825, कैसा:151, कैसी:62
प्रधानमंत्र	1024	2	0.7333333333333334	0.7333333333333334	0.006097560975609756	प्रधानमंत्री	प्रधानमंत्रियों	STRONG	प्रधानमंत्री:1022, प्रधानमंत्रियों:2
जह	975	2	0.75	0.75	0.0026041666666666665	जहां	जहाँ	STRONG	जहां:956, जहाँ:19
मही	964	2	0.8	0.8	0.026833631484794274	महीने	महीना	STRONG	महीने:925, महीना:39
अलाव	955	2	0.8	0.8	0.0	अलावा	अलावे	STRONG	अलावा:953, अलावे:2
सरकार	902	3	0.7619047619047619	0.7142857142857143	0.06382978723404255	सरकारों	सरकारें	STRONG	सरकारी:848, सरकारों:47, सरकारें:7
जिसक	896	4	0.8000000000000002	0.8	0.050434782608695654	जिसके	जिसकी	STRONG	जिसके:516, जिसकी:191, जिसका:171, जिसको:18
जिसम	883	2	0.8333333333333334	0.8333333333333334	0.0	जिसमें	जिसमे	STRONG	जिसमें:880, जिसमे:3
विधानसभ	838	2	0.8	0.8	0.012779552715654952	विधानसभा	विधानसभाओं	STRONG	विधानसभा:827, विधानसभाओं:11
व्यक्त	822	2	0.7	0.7	0.018145161290322582	व्यक्ति	व्यक्तियों	STRONG	व्यक्ति:789, व्यक्तियों:33
भार	817	2	0.8	0.8	0.004024144869215292	भारी	भारती	STRONG	भारी:764, भारती:53
भर्	811	2	0.8	0.8	0.0	भर्ती	भर्ता	STRONG	भर्ती:809, भर्ता:2
दिन	798	3	0.6666666666666666	0.6	0.0	दिनों	दिनो	STRONG	दिनों:789, दिनकर:7, दिनो:2
पीछ	782	2	0.75	0.75	0.014625228519195612	पीछे	पीछा	STRONG	पीछे:716, पीछा:66
तेज	769	3	0.75	0.75	0.0	तेजू	तेजा	STRONG	तेजी:756, तेजा:7, तेजू:6
सीध	710	3	0.75	0.75	0.08315098468271334	सीधा	सीधे	STRONG	सीधे:382, सीधा:220, सीधी:108
अगल	704	3	0.75	0.75	0.029850746268656716	अगले	अगली	STRONG	अगले:463, अगली:175, अगला:66
इत	696	3	0.75	0.75	0.0738255033557047	इतना	इतनी	STRONG	इतनी:291, इतना:280, इतने:125
संभाव	648	3	0.8148148148148149	0.7777777777777778	0.06896551724137931	संभावनाएं	संभावनाओं	STRONG	संभावना:579, संभावनाओं:40, संभावनाएं:29
शिक्ष	628	2	0.75	0.75	0.0031645569620253164	शिक्षा	शिक्षाओं	STRONG	शिक्षा:624, शिक्षाओं:4
जिस	553	2	0.8	0.8	0.049773755656108594	जिसे	जिसने	STRONG	जिसे:371, जिसने:182
भूमिक	547	3	0.7916666666666666	0.75	0.07407407407407407	भूमिकाओं	भूमिकाएं	STRONG	भूमिका:514, भूमिकाओं:18, भूमिकाएं:15
क्षम	534	4	0.7430555555555555	0.625	0.039568345323741004	क्षमता	क्षमताओं	STRONG	क्षमता:493, क्षमताओं:20, क्षमताएं:12, क्षमा:9
सीम	532	3	0.7222222222222223	0.6666666666666667	0.022435897435897436	सीमा	सीमाओं	STRONG	सीमा:493, सीमाओं:27, सीमाएं:12
नीच	531	2	0.75	0.75	0.0	नीचे	नीचा	STRONG	नीचे:525, नीचा:6
क्षेत्र	531	2	0.8888888888888888	0.8888888888888888	0.0	क्षेत्रों	क्षेत्रो	STRONG	क्षेत्रों:529, क्षेत्रो:2
प्राथमिक	525	5	0.7633333333333334	0.6666666666666667	0.046511627906976744	प्राथमिकता	प्राथमिकताओं	STRONG	प्राथमिकी:354, प्राथमिकता:142, प्राथमिकताओं:19, प्राथमिकताएं:8, प्राथमिकियां:2
समित	509	3	0.7083333333333334	0.625	0.056451612903225805	समिति	समितियों	STRONG	समिति:445, समितियों:59, समितियां:5
संभाल	492	16	0.7173776455026456	0.5555555555555556	0.1	संभालती	संभालें	STRONG	संभालने:115, संभाला:85, संभाली:82, संभालेंगे:64, संभालते:32, संभालना:29, संभालकर:22, संभालेंगी:12, संभालेगा:12, संभालती:11
इनम	488	2	0.8	0.8	0.0	इनमें	इनमे	STRONG	इनमें:486, इनमे:2
फायद	472	3	0.7111111111111112	0.6666666666666667	0.08896797153024912	फायदा	फायदे	STRONG	फायदा:343, फायदे:123, फायदों:6
उम्मीदवार	442	2	0.8181818181818181	0.8181818181818181	0.046511627906976744	उम्मीदवारों	उम्मीदवारी	STRONG	उम्मीदवारों:423, उम्मीदवारी:19
दिश	427	2	0.6666666666666667	0.6666666666666667	0.015772870662460567	दिशा	दिशाओं	STRONG	दिशा:406, दिशाओं:21
भरोस	423	2	0.8	0.8	0.059800664451827246	भरोसा	भरोसे	STRONG	भरोसा:344, भरोसे:79
चिं	421	3	0.7619047619047619	0.7142857142857143	0.0625	चिंताएं	चिंताओं	STRONG	चिंता:380, चिंताओं:23, चिंताएं:18
निश	400	3	0.7222222222222223	0.6666666666666667	0.07531380753138076	निशाना	निशाने	STRONG	निशाना:332, निशाने:43, निशा:25
इनक	400	4	0.75	0.75	0.06756756756756757	इनकी	इनके	STRONG	इनके:165, इनकी:109, इनका:73, इनको:53
ताक	399	2	0.75	0.75	0.002849002849002849	ताकि	ताकी	STRONG	ताकि:395, ताकी:4
घोषण	375	3	0.7619047619047619	0.7142857142857143	0.047619047619047616	घोषणाएं	घोषणाओं	STRONG	घोषणा:347, घोषणाएं:17, घोषणाओं:11
सौंप	363	11	0.6663636363636364	0.5	0.1	सौंपेगी	सौंपनी	STRONG	सौंपा:131, सौंपी:102, सौंपने:48, सौंपे:28, सौंपना:19, सौंपकर:12, सौंपेगी:7, सौंपेंगे:7, सौंपनी:5, सौंपते:2
संबंध	359	4	0.7341269841269842	0.5555555555555556	0.0423728813559322	संबंधों	संबंधी	STRONG	संबंधों:187, संबंधी:157, संबंधियों:12, संबंधो:3
देंग	358	2	0.8	0.8	0.012875536480686695	देंगे	देंगी	STRONG	देंगे:319, देंगी:39
सड़क	350	3	0.7777777777777778	0.6666666666666667	0.06511627906976744	सड़कों	सड़कें	STRONG	सड़कों:290, सड़कें:55, सड़के:5
धीर	340	2	0.75	0.75	0.0	धीरे	धीरा	STRONG	धीरे:338, धीरा:2
साझ	332	3	0.75	0.75	0.004132231404958678	साझा	साझी	STRONG	साझा:325, साझी:5, साझे:2
खुलास	324	3	0.753968253968254	0.7142857142857143	0.03333333333333333	खुलासा	खुलासे	STRONG	खुलासा:279, खुलासे:42, खुलासों:3
विदेश	324	3	0.6825396825396824	0.5555555555555556	0.04938271604938271	विदेशी	विदेशों	STRONG	विदेशी:280, विदेशों:42, विदेशियों:2
आशंक	308	3	0.7619047619047619	0.7142857142857143	0.0043859649122807015	आशंका	आशंकाएं	STRONG	आशंका:301, आशंकाओं:4, आशंकाएं:3
किल	285	4	0.7083333333333334	0.6	0.041666666666666664	किला	किलों	STRONG	किलो:212, किला:39, किले:31, किलों:3
अवध	272	2	0.75	0.75	0.0	अवधि	अवधी	STRONG	अवधि:264, अवधी:8
काल	265	4	0.75	0.75	0.05952380952380952	काला	काले	STRONG	काले:91, काली:88, काला:78, कालू:8
जिनक	264	4	0.8000000000000002	0.8	0.06206896551724138	जिनका	जिनकी	STRONG	जिनकी:89, जिनका:86, जिनके:82, जिनको:7
देग	258	2	0.75	0.75	0.050761421319796954	देगी	देगा	STRONG	देगी:133, देगा:125
तकनीक	257	3	0.7619047619047619	0.7142857142857143	0.03333333333333333	तकनीकों	तकनीकें	STRONG	तकनीकी:220, तकनीकों:34, तकनीकें:3
नवरात्र	255	2	0.7777777777777778	0.7777777777777778	0.0	नवरात्रि	नवरात्रों	STRONG	नवरात्रि:242, नवरात्रों:13
सार	251	3	0.75	0.75	0.05521472392638037	सारे	सारी	STRONG	सारे:127, सारी:80, सारा:44
इन्ह	250	2	0.8333333333333334	0.8333333333333334	0.046632124352331605	इन्हें	इन्हीं	STRONG	इन्हें:201, इन्हीं:49
जगह	244	2	0.8	0.8	0.06289308176100629	जगहों	जगहें	STRONG	जगहों:223, जगहें:21
बेंगलुर	244	2	0.875	0.875	0.008264462809917356	बेंगलुरु	बेंगलुरू	STRONG	बेंगलुरु:237, बेंगलुरू:7
सबक	237	4	0.75	0.75	0.05434782608695652	सबके	सबको	STRONG	सबका:85, सबके:58, सबको:55, सबकी:39
अकेल	236	3	0.8000000000000002	0.8	0.057971014492753624	अकेले	अकेला	STRONG	अकेले:153, अकेला:51, अकेली:32
वृद्ध	235	2	0.8333333333333334	0.8333333333333334	0.0	वृद्धि	वृद्धा	STRONG	वृद्धि:208, वृद्धा:27
उसम	232	2	0.8	0.8	0.0	उसमें	उसमे	STRONG	उसमें:228, उसमे:4
कारोबार	231	3	0.744107744107744	0.6363636363636364	0.08661417322834646	कारोबारी	कारोबारियों	STRONG	कारोबारी:179, कारोबारियों:49, कारोबारों:3
वर्म	228	2	0.8	0.8	0.0	वर्मा	वर्मी	STRONG	वर्मा:224, वर्मी:4
गंग	227	2	0.75	0.75	0.012345679012345678	गंगा	गंगे	STRONG	गंगा:223, गंगे:4
चु	225	3	0.75	0.75	0.05223880597014925	चुने	चुना	STRONG	चुना:108, चुने:74, चुनी:43
आध	225	3	0.6666666666666666	0.6666666666666667	0.057692307692307696	आधा	आधी	STRONG	आधा:91, आधी:73, आधे:61
प्रभाव	220	2	0.75	0.75	0.0125	प्रभावी	प्रभावों	STRONG	प्रभावी:213, प्रभावों:7
कोहल	220	3	0.8000000000000002	0.8	0.0	कोहले	कोहला	STRONG	कोहली:215, कोहले:3, कोहला:2
रणनीत	219	2	0.6666666666666667	0.6666666666666667	0.02666666666666667	रणनीति	रणनीतियों	STRONG	रणनीति:210, रणनीतियों:9
संस्थ	219	3	0.7916666666666666	0.75	0.078125	संस्थाओं	संस्था	STRONG	संस्था:124, संस्थाओं:82, संस्थाएं:13
10व	217	3	0.8000000000000002	0.8	0.08	10वां	10वें	STRONG	10वीं:183, 10वें:27, 10वां:7
नागरिक	217	2	0.75	0.75	0.02040816326530612	नागरिकता	नागरिकों	STRONG	नागरिकों:193, नागरिकता:24
एशिय	214	2	0.8333333333333334	0.8333333333333334	0.08181818181818182	एशियाई	एशिया	STRONG	एशिया:136, एशियाई:78
आएंग	209	2	0.8	0.8	0.041916167664670656	आएंगे	आएंगी	STRONG	आएंगे:165, आएंगी:44
हंगाम	207	2	0.8333333333333334	0.8333333333333334	0.04065040650406504	हंगामे	हंगामा	STRONG	हंगामा:191, हंगामे:16
खास	207	4	0.6749999999999999	0.6	0.03125	खासी	खासा	STRONG	खासकर:168, खासा:19, खासी:17, खासे:3
आद	206	2	0.6666666666666667	0.6666666666666667	0.0	आदि	आदी	STRONG	आदि:193, आदी:13
सूत्र	203	2	0.7142857142857143	0.7142857142857143	0.0	सूत्रों	सूत्री	STRONG	सूत्रों:192, सूत्री:11
डॉक्टर	203	2	0.75	0.75	0.0	डॉक्टरों	डॉक्टरी	STRONG	डॉक्टरों:201, डॉक्टरी:2
नियुक्त	203	3	0.787878787878788	0.7272727272727273	0.0380952380952381	नियुक्ति	नियुक्तियों	STRONG	नियुक्ति:177, नियुक्तियां:18, नियुक्तियों:8
ताज	195	3	0.75	0.75	0.08	ताजी	ताजे	STRONG	ताजा:157, ताजी:22, ताजे:16
हवाल	194	2	0.8	0.8	0.011627906976744186	हवाला	हवाले	STRONG	हवाला:119, हवाले:75
प्रतिनिध	193	2	0.75	0.75	0.08661417322834646	प्रतिनिधि	प्रतिनिधियों	STRONG	प्रतिनिधि:133, प्रतिनिधियों:60
अधिवक्	192	2	0.8	0.8	0.09278350515463918	अधिवक्ताओं	अधिवक्ता	STRONG	अधिवक्ता:163, अधिवक्ताओं:29
दरवाज	189	3	0.753968253968254	0.7142857142857143	0.0603448275862069	दरवाजे	दरवाजा	STRONG	दरवाजा:97, दरवाजे:84, दरवाजों:8
चौथ	188	4	0.7083333333333334	0.6	0.05454545454545454	चौथे	चौथी	STRONG	चौथे:92, चौथी:63, चौथा:24, चौथाई:9
जित	188	7	0.6777777777777778	0.5	0.05952380952380952	जितना	जितनी	STRONG	जितना:68, जितनी:35, जितने:32, जिताने:31, जिताया:12, जिताना:6, जिताकर:4
रिश्त	186	2	0.8571428571428572	0.8571428571428572	0.0	रिश्तों	रिश्तें	STRONG	रिश्तों:184, रिश्तें:2
हफ्	185	2	0.8	0.8	0.008130081300813009	हफ्ते	हफ्ता	STRONG	हफ्ते:181, हफ्ता:4
प्रतिक्रिय	185	3	0.8717948717948718	0.8461538461538461	0.02097902097902098	प्रतिक्रियाएं	प्रतिक्रिया	STRONG	प्रतिक्रिया:163, प्रतिक्रियाएं:16, प्रतिक्रियाओं:6
लेंग	183	2	0.8	0.8	0.021897810218978103	लेंगे	लेंगी	STRONG	लेंगे:151, लेंगी:32
पदाधिकार	183	2	0.6666666666666667	0.6666666666666667	0.06060606060606061	पदाधिकारी	पदाधिकारियों	STRONG	पदाधिकारी:102, पदाधिकारियों:81
सर्व	179	2	0.8	0.8	0.0	सर्वे	सर्वा	STRONG	सर्वे:173, सर्वा:6
हिन्द	175	2	0.8333333333333334	0.8333333333333334	0.0	हिन्दी	हिन्दू	STRONG	हिन्दी:166, हिन्दू:9
कक्ष	174	4	0.7301587301587302	0.6666666666666667	0.08333333333333333	कक्षाओं	कक्षाएं	STRONG	कक्षा:135, कक्षाओं:23, कक्षाएं:13, कक्षों:3
सहार	172	2	0.8	0.8	0.03731343283582089	सहारा	सहारे	STRONG	सहारा:118, सहारे:54
स्मृत	167	3	0.7407407407407408	0.6666666666666667	0.03278688524590164	स्मृति	स्मृतियों	STRONG	स्मृति:155, स्मृतियों:10, स्मृतियां:2
प्र	165	3	0.75	0.75	0.0	प्रो	प्रा	STRONG	प्रो:87, प्री:73, प्रा:5
मिश्र	164	2	0.8333333333333334	0.8333333333333334	0.0	मिश्रा	मिश्री	STRONG	मिश्रा:161, मिश्री:3
त्योहार	162	2	0.7777777777777778	0.7777777777777778	0.09782608695652174	त्योहारी	त्योहारों	STRONG	त्योहारों:125, त्योहारी:37
झांस	162	3	0.8000000000000002	0.8	0.046875	झांसा	झांसे	STRONG	झांसा:111, झांसी:44, झांसे:7
पीड़ि	160	2	0.7777777777777778	0.7777777777777778	0.0	पीड़िता	पीड़िताओं	STRONG	पीड़िता:158, पीड़िताओं:2
श्रेण	159	3	0.6666666666666666	0.5555555555555556	0.049019607843137254	श्रेणी	श्रेणियों	STRONG	श्रेणी:122, श्रेणियों:30, श्रेणियां:7
अर्थव्यवस्थ	157	2	0.8571428571428572	0.8571428571428572	0.075	अर्थव्यवस्थाओं	अर्थव्यवस्था	STRONG	अर्थव्यवस्था:140, अर्थव्यवस्थाओं:17
किशोर	157	4	0.6931216931216931	0.5555555555555556	0.016666666666666666	किशोरी	किशोरियों	STRONG	किशोरी:145, किशोरों:5, किशोरियों:5, किशोरियां:2
संस्कृत	155	2	0.7272727272727273	0.7272727272727273	0.010416666666666666	संस्कृति	संस्कृतियों	STRONG	संस्कृति:147, संस्कृतियों:8
वाय	155	2	0.75	0.75	0.0	वायु	वाया	STRONG	वायु:147, वाया:8
तस्कर	152	2	0.7142857142857143	0.7142857142857143	0.08333333333333333	तस्करी	तस्करों	STRONG	तस्करी:116, तस्करों:36
गुस्स	151	4	0.8055555555555557	0.7142857142857143	0.0660377358490566	गुस्सा	गुस्से	STRONG	गुस्सा:95, गुस्से:47, गुस्साए:7, गुस्साई:2
पक्क	151	3	0.8000000000000002	0.8	0.017543859649122806	पक्के	पक्की	STRONG	पक्का:75, पक्की:47, पक्के:29
युवक	146	2	0.6666666666666667	0.6666666666666667	0.0	युवकों	युवका	STRONG	युवकों:144, युवका:2
मायाव	146	2	0.8571428571428572	0.8571428571428572	0.0	मायावती	मायावी	STRONG	मायावती:135, मायावी:11
मेट्र	143	2	0.8333333333333334	0.8333333333333334	0.0	मेट्रो	मेट्रा	STRONG	मेट्रो:141, मेट्रा:2
विभाग	133	2	0.7142857142857143	0.7142857142857143	0.0	विभागों	विभागी	STRONG	विभागों:131, विभागी:2
पांचव	133	6	0.7952380952380953	0.7142857142857143	0.04411764705882353	पांचवें	पांचवीं	STRONG	पांचवें:62, पांचवीं:40, पांचवां:15, पांचवे:6, पांचवी:6, पांचवा:4
बाध	132	3	0.7222222222222223	0.6666666666666667	0.038461538461538464	बाधाओं	बाधाएं	STRONG	बाधा:102, बाधाएं:16, बाधाओं:14
चुनौत	131	2	0.8888888888888888	0.8888888888888888	0.06451612903225806	चुनौतियों	चुनौतियां	STRONG	चुनौतियों:91, चुनौतियां:40
चंब	131	2	0.75	0.75	0.0	चंबा	चंबी	STRONG	चंबा:129, चंबी:2
अध्यक्ष	130	2	0.7777777777777778	0.7777777777777778	0.037037037037037035	अध्यक्षता	अध्यक्षों	STRONG	अध्यक्षता:115, अध्यक्षों:15
प्रवक्	128	2	0.8	0.8	0.01282051282051282	प्रवक्ता	प्रवक्ताओं	STRONG	प्रवक्ता:126, प्रवक्ताओं:2
सोन	127	3	0.65	0.6	0.0	सोनू	सोनो	STRONG	सोनकर:75, सोनू:45, सोनो:7
आपस	127	2	0.75	0.75	0.0	आपसी	आपसे	STRONG	आपसी:101, आपसे:26
किसक	126	4	0.8000000000000002	0.8	0.04054054054054054	किसके	किसका	STRONG	किसके:50, किसका:48, किसकी:25, किसको:3
साढ़	125	2	0.8	0.8	0.0	साढ़े	साढ़ू	STRONG	साढ़े:113, साढ़ू:12
सच्च	123	4	0.7611111111111112	0.6666666666666667	0.014285714285714285	सच्चाई	सच्चा	STRONG	सच्चाई:71, सच्ची:21, सच्चे:17, सच्चा:14
दोस्	123	2	0.8333333333333334	0.8333333333333334	0.0	दोस्ती	दोस्ता	STRONG	दोस्ती:121, दोस्ता:2
शिकायतकर्	122	2	0.8461538461538461	0.8461538461538461	0.0	शिकायतकर्ता	शिकायतकर्ताओं	STRONG	शिकायतकर्ता:117, शिकायतकर्ताओं:5
खरीदार	121	2	0.75	0.75	0.012987012987012988	खरीदारी	खरीदारों	STRONG	खरीदारों:64, खरीदारी:57
पात्र	120	4	0.7328042328042329	0.6666666666666667	0.018867924528301886	पात्रता	पात्रताएं	STRONG	पात्रता:72, पात्रा:34, पात्रों:12, पात्रताएं:2
पैम	120	2	0.8333333333333334	0.8333333333333334	0.0	पैमाने	पैमाना	STRONG	पैमाने:112, पैमाना:8
अभिने	119	2	0.7777777777777778	0.7777777777777778	0.017857142857142856	अभिनेता	अभिनेताओं	STRONG	अभिनेता:117, अभिनेताओं:2
साझेदार	118	2	0.7777777777777778	0.7777777777777778	0.0	साझेदारी	साझेदारों	STRONG	साझेदारी:114, साझेदारों:4
कच्च	117	3	0.8000000000000002	0.8	0.0625	कच्चे	कच्चा	STRONG	कच्चे:73, कच्चा:23, कच्ची:21
विजे	116	2	0.75	0.75	0.06153846153846154	विजेता	विजेताओं	STRONG	विजेता:89, विजेताओं:27
पाएग	115	2	0.8	0.8	0.054945054945054944	पाएगा	पाएगी	STRONG	पाएगा:82, पाएगी:33
धीम	115	3	0.75	0.75	0.04285714285714286	धीमी	धीमा	STRONG	धीमी:98, धीमा:11, धीमे:6
दिवाल	115	2	0.8333333333333334	0.8333333333333334	0.0	दिवाली	दिवाला	STRONG	दिवाली:113, दिवाला:2
श्रीलंक	115	2	0.8888888888888888	0.8888888888888888	0.06976744186046512	श्रीलंका	श्रीलंकाई	STRONG	श्रीलंका:110, श्रीलंकाई:5
उत	114	3	0.75	0.75	0.04081632653061224	उतनी	उतने	STRONG	उतना:58, उतनी:44, उतने:12
इशार	112	3	0.7111111111111112	0.6666666666666667	0.04	इशारे	इशारा	STRONG	इशारा:62, इशारे:35, इशारों:15
जरिय	110	2	0.8	0.8	0.0	जरिये	जरिया	STRONG	जरिये:72, जरिया:38
सु	109	3	0.75	0.75	0.03333333333333333	सुनी	सुना	STRONG	सुना:59, सुनी:41, सुने:9
बस्	109	2	0.8	0.8	0.0	बस्ती	बस्ते	STRONG	बस्ती:104, बस्ते:5
कथ	109	3	0.6666666666666666	0.6	0.06666666666666667	कथाओं	कथा	STRONG	कथा:93, कथाओं:12, कथाएं:4
सिलसिल	108	2	0.8571428571428572	0.8571428571428572	0.0	सिलसिला	सिलसिले	STRONG	सिलसिला:66, सिलसिले:42
विशेषज्ञ	107	2	0.8	0.8	0.0	विशेषज्ञों	विशेषज्ञता	STRONG	विशेषज्ञों:99, विशेषज्ञता:8
रीत	106	2	0.75	0.75	0.0	रीति	रीतू	STRONG	रीति:104, रीतू:2
जंगल	106	2	0.6666666666666667	0.6666666666666667	0.04918032786885246	जंगली	जंगलों	STRONG	जंगलों:72, जंगली:34
वायुसे	105	2	0.8	0.8	0.027777777777777776	वायुसेना	वायुसेनाएं	STRONG	वायुसेना:102, वायुसेनाएं:3
मंध	104	2	0.8333333333333334	0.8333333333333334	0.0	मंधाना	मंधना	STRONG	मंधाना:91, मंधना:13
कोलक	103	2	0.8571428571428572	0.8571428571428572	0.019230769230769232	कोलकाता	कोलकता	STRONG	कोलकाता:98, कोलकता:5
विद्यालय	103	2	0.8	0.8	0.02	विद्यालयों	विद्यालयी	STRONG	विद्यालयों:94, विद्यालयी:9
जरूरत	102	2	0.8571428571428572	0.8571428571428572	0.03614457831325301	जरूरतों	जरूरतें	STRONG	जरूरतों:91, जरूरतें:11
अंग्रेज	100	2	0.7777777777777778	0.7777777777777778	0.0	अंग्रेजी	अंग्रेजों	STRONG	अंग्रेजी:86, अंग्रेजों:14
जीर	99	3	0.75	0.75	0.03333333333333333	जीरा	जीरे	STRONG	जीरा:54, जीरो:43, जीरे:2
स्थल	99	2	0.6666666666666667	0.6666666666666667	0.014285714285714285	स्थलों	स्थली	STRONG	स्थलों:97, स्थली:2
प्रणाल	97	3	0.7000000000000001	0.6	0.029850746268656716	प्रणालियों	प्रणाली	STRONG	प्रणाली:72, प्रणालियों:18, प्रणालियां:7
मजदूर	97	2	0.7142857142857143	0.7142857142857143	0.03636363636363636	मजदूरों	मजदूरी	STRONG	मजदूरी:54, मजदूरों:43
पिछड़	96	5	0.7642857142857143	0.7142857142857143	0.08333333333333333	पिछड़े	पिछड़ा	STRONG	पिछड़ा:58, पिछड़े:24, पिछड़ी:7, पिछड़ों:4, पिछड़ने:3
माह	95	2	0.75	0.75	0.0	माही	माहे	STRONG	माही:89, माहे:6
अनुभव	94	3	0.6825396825396824	0.5555555555555556	0.0	अनुभवों	अनुभवियों	STRONG	अनुभवी:62, अनुभवों:24, अनुभवियों:8
किराय	94	2	0.7142857142857143	0.7142857142857143	0.021739130434782608	किराये	किरायों	STRONG	किराये:92, किरायों:2
जिलाधिकार	94	2	0.6923076923076923	0.6923076923076923	0.0	जिलाधिकारी	जिलाधिकारियों	STRONG	जिलाधिकारी:89, जिलाधिकारियों:5
निचल	90	3	0.8000000000000002	0.8	0.02040816326530612	निचले	निचला	STRONG	निचले:66, निचली:18, निचला:6
तड़क	90	2	0.8	0.8	0.06779661016949153	तड़के	तड़का	STRONG	तड़के:71, तड़का:19
शब्द	90	2	0.6666666666666667	0.6666666666666667	0.0	शब्दों	शब्दा	STRONG	शब्दों:83, शब्दा:7
आल	90	3	0.6666666666666666	0.6666666666666667	0.0	आलू	आलो	STRONG	आलू:78, आला:9, आलो:3
बैंक	89	2	0.8333333333333334	0.8333333333333334	0.02631578947368421	बैंकों	बैंको	STRONG	बैंकों:87, बैंको:2
गरम	88	4	0.688888888888889	0.6666666666666667	0.0	गरमाया	गरमाने	STRONG	गरमा:41, गरमाई:29, गरमाया:15, गरमाने:3
मित्र	87	2	0.7142857142857143	0.7142857142857143	0.058823529411764705	मित्रों	मित्रता	STRONG	मित्रों:73, मित्रता:14
उजाल	87	2	0.8	0.8	0.0	उजाला	उजाले	STRONG	उजाला:82, उजाले:5
पर्द	86	3	0.7111111111111112	0.6666666666666667	0.0	पर्दे	पर्दों	STRONG	पर्दा:42, पर्दे:42, पर्दों:2
प्रदर्शन	86	3	0.8333333333333334	0.75	0.0	प्रदर्शनों	प्रदर्शनियों	STRONG	प्रदर्शनों:82, प्रदर्शनियां:2, प्रदर्शनियों:2
आम	85	3	0.6666666666666666	0.5	0.0	आमा	आमना	STRONG	आमने:78, आमना:4, आमा:3
वार्	85	3	0.7916666666666666	0.75	0.09090909090909091	वार्ताओं	वार्ताएं	STRONG	वार्ता:73, वार्ताएं:7, वार्ताओं:5
झंड	85	3	0.75	0.75	0.03333333333333333	झंडे	झंडा	STRONG	झंडे:36, झंडी:31, झंडा:18
इच्छ	83	3	0.7619047619047619	0.7142857142857143	0.0	इच्छाओं	इच्छाएं	STRONG	इच्छा:77, इच्छाओं:4, इच्छाएं:2
वस्त	82	3	0.7619047619047619	0.7142857142857143	0.0975609756097561	वस्तु	वस्तुओं	STRONG	वस्तु:38, वस्तुओं:25, वस्तुएं:19
आपद	82	2	0.6666666666666667	0.6666666666666667	0.01818181818181818	आपदा	आपदाओं	STRONG	आपदा:79, आपदाओं:3
अभियं	81	2	0.7777777777777778	0.7777777777777778	0.038461538461538464	अभियंता	अभियंताओं	STRONG	अभियंता:73, अभियंताओं:8
राण	80	2	0.75	0.75	0.0	राणा	राणे	STRONG	राणा:56, राणे:24
धक्क	80	2	0.8	0.8	0.0	धक्का	धक्के	STRONG	धक्का:76, धक्के:4
जहरील	80	3	0.8333333333333334	0.8333333333333334	0.07692307692307693	जहरीले	जहरीला	STRONG	जहरीली:31, जहरीला:28, जहरीले:21
चौड़	79	4	0.7611111111111112	0.6666666666666667	0.09375	चौड़ा	चौड़ाई	STRONG	चौड़ा:32, चौड़ी:23, चौड़ाई:15, चौड़े:9
आलोच	78	2	0.75	0.75	0.0	आलोचना	आलोचनाओं	STRONG	आलोचना:75, आलोचनाओं:3
कश्मीर	78	2	0.8571428571428572	0.8571428571428572	0.0	कश्मीरी	कश्मीरा	STRONG	कश्मीरी:42, कश्मीरा:36
वीज	78	2	0.75	0.75	0.0	वीजा	वीजी	STRONG	वीजा:76, वीजी:2
मक्क	77	3	0.8000000000000002	0.8	0.0	मक्की	मक्के	STRONG	मक्का:70, मक्की:5, मक्के:2
कनाड	77	2	0.8333333333333334	0.8333333333333334	0.07407407407407407	कनाडाई	कनाडा	STRONG	कनाडा:66, कनाडाई:11
दोगु	76	3	0.8333333333333334	0.8333333333333334	0.06666666666666667	दोगुनी	दोगुना	STRONG	दोगुना:40, दोगुनी:20, दोगुने:16
गड्ढ	76	3	0.7111111111111112	0.6666666666666667	0.08333333333333333	गड्ढों	गड्ढे	STRONG	गड्ढे:50, गड्ढों:22, गड्ढा:4
धनिय	75	2	0.8	0.8	0.0967741935483871	धनिया	धनिये	STRONG	धनिया:71, धनिये:4
सिद्ध	74	4	0.8333333333333334	0.8333333333333334	0.0	सिद्धो	सिद्धी	STRONG	सिद्धू:63, सिद्धि:7, सिद्धो:2, सिद्धी:2
मृतक	73	2	0.6666666666666667	0.6666666666666667	0.02	मृतकों	मृतका	STRONG	मृतकों:46, मृतका:27
आवश्यक	73	2	0.8	0.8	0.014925373134328358	आवश्यकता	आवश्यकताओं	STRONG	आवश्यकता:67, आवश्यकताओं:6
नजर	72	3	0.6666666666666666	0.6	0.02702702702702703	नजरें	नजरों	STRONG	नजरें:36, नजरिए:25, नजरों:11
मोहल्ल	72	3	0.7857142857142857	0.75	0.034482758620689655	मोहल्लों	मोहल्ले	STRONG	मोहल्ला:33, मोहल्ले:27, मोहल्लों:12
छठ	71	3	0.6666666666666666	0.6666666666666667	0.03225806451612903	छठा	छठे	STRONG	छठी:29, छठा:21, छठे:21
ड्राम	70	2	0.8333333333333334	0.8333333333333334	0.05660377358490566	ड्रामे	ड्रामा	STRONG	ड्रामा:54, ड्रामे:16
मूर्त	70	3	0.7407407407407408	0.6666666666666667	0.07692307692307693	मूर्तियों	मूर्तियां	STRONG	मूर्ति:49, मूर्तियां:13, मूर्तियों:8
लेग	69	3	0.75	0.75	0.03571428571428571	लेगी	लेगा	STRONG	लेगा:38, लेगी:25, लेगो:6
टुकड़	69	5	0.7087301587301588	0.5555555555555556	0.06896551724137931	टुकड़ों	टुकड़ा	STRONG	टुकड़े:22, टुकड़ों:20, टुकड़ा:19, टुकड़ी:6, टुकड़ियों:2
घन	69	3	0.6666666666666666	0.6666666666666667	0.058823529411764705	घने	घना	STRONG	घने:41, घना:17, घनी:11
तुर्क	68	2	0.7142857142857143	0.7142857142857143	0.0	तुर्की	तुर्किए	STRONG	तुर्की:64, तुर्किए:4
शिकंज	68	2	0.8333333333333334	0.8333333333333334	0.02127659574468085	शिकंजा	शिकंजे	STRONG	शिकंजा:60, शिकंजे:8
कमजोर	67	3	0.6666666666666666	0.5555555555555556	0.024390243902439025	कमजोरी	कमजोरियां	STRONG	कमजोरी:58, कमजोरियों:7, कमजोरियां:2
हीर	67	3	0.75	0.75	0.0	हीरो	हीरे	STRONG	हीरो:52, हीरा:12, हीरे:3
चरण	67	3	0.65	0.6	0.0	चरणों	चरणी	STRONG	चरणों:50, चरणी:15, चरणि:2
सुर्ख	67	2	0.8888888888888888	0.8888888888888888	0.05263157894736842	सुर्खियों	सुर्खियां	STRONG	सुर्खियों:55, सुर्खियां:12
कंध	67	3	0.65	0.6	0.047619047619047616	कंधों	कंधे	STRONG	कंधे:37, कंधों:20, कंधा:10
डीज	67	2	0.75	0.75	0.0	डीजी	डीजे	STRONG	डीजे:60, डीजी:7
सौद	66	3	0.65	0.6	0.09523809523809523	सौदे	सौदों	STRONG	सौदा:37, सौदे:22, सौदों:7
इराद	66	3	0.7111111111111112	0.6666666666666667	0.038461538461538464	इरादों	इरादा	STRONG	इरादे:36, इरादा:21, इरादों:9
याद	66	2	0.8	0.8	0.09523809523809523	यादें	यादों	STRONG	यादें:33, यादों:33
कवि	66	3	0.7619047619047619	0.7142857142857143	0.05	कविता	कविताएं	STRONG	कविता:56, कविताएं:7, कविताओं:3
अनदेख	65	2	0.8333333333333334	0.8333333333333334	0.041666666666666664	अनदेखी	अनदेखा	STRONG	अनदेखी:60, अनदेखा:5
गाज	65	2	0.75	0.75	0.0	गाजा	गाजी	STRONG	गाजा:62, गाजी:3
रिंक	64	2	0.8	0.8	0.0	रिंकू	रिंकी	STRONG	रिंकू:56, रिंकी:8
खंगाल	63	8	0.7487244897959184	0.625	0.058823529411764705	खंगाले	खंगालना	STRONG	खंगाली:17, खंगाला:17, खंगाले:17, खंगालनी:3, खंगालना:3, खंगालने:2, खंगालकर:2, खंगालेगी:2
अंधेर	63	3	0.8333333333333334	0.8333333333333334	0.05263157894736842	अंधेरे	अंधेरा	STRONG	अंधेरे:32, अंधेरा:19, अंधेरी:12
मायक	63	2	0.8	0.8	0.0	मायके	मायका	STRONG	मायके:61, मायका:2
टिक	63	8	0.6660714285714285	0.6	0.08333333333333333	टिके	टिकता	STRONG	टिकी:31, टिके:11, टिका:9, टिकीं:4, टिकता:2, टिकती:2, टिकाए:2, टिकना:2
ठिक	63	2	0.8333333333333334	0.8333333333333334	0.03773584905660377	ठिकाना	ठिकाने	STRONG	ठिकाना:33, ठिकाने:30
दीपक	63	2	0.8	0.8	0.0	दीपके	दीपका	STRONG	दीपके:57, दीपका:6
गन्	63	2	0.8	0.8	0.07692307692307693	गन्ना	गन्ने	STRONG	गन्ना:37, गन्ने:26
गलत	62	2	0.8571428571428572	0.8571428571428572	0.0975609756097561	गलतियों	गलतियां	STRONG	गलतियां:34, गलतियों:28
बर	62	3	0.7166666666666667	0.6	0.0	बरी	बराती	STRONG	बरी:37, बरती:23, बराती:2
राध	62	2	0.75	0.75	0.0	राधा	राधे	STRONG	राधा:57, राधे:5
चाच	62	2	0.75	0.75	0.07692307692307693	चाचा	चाची	STRONG	चाचा:53, चाची:9
शास्त्र	62	2	0.7777777777777778	0.7777777777777778	0.0	शास्त्री	शास्त्रों	STRONG	शास्त्री:51, शास्त्रों:11
राह	61	4	0.6583333333333333	0.6	0.0	राहें	राहों	STRONG	राहु:41, राही:12, राहें:5, राहों:3
कूड़	61	2	0.8	0.8	0.0625	कूड़ा	कूड़े	STRONG	कूड़ा:44, कूड़े:17
जनप्रतिनिध	60	2	0.7857142857142857	0.7857142857142857	0.06382978723404255	जनप्रतिनिधि	जनप्रतिनिधियों	STRONG	जनप्रतिनिधियों:36, जनप्रतिनिधि:24
बंटवार	60	3	0.7857142857142857	0.75	0.05	बंटवारे	बंटवारा	STRONG	बंटवारे:42, बंटवारा:16, बंटवारों:2
गलियार	60	3	0.7857142857142857	0.75	0.02040816326530612	गलियारे	गलियारों	STRONG	गलियारों:52, गलियारे:5, गलियारा:3
हौसल	60	3	0.7111111111111112	0.6666666666666667	0.0625	हौसले	हौसलों	STRONG	हौसला:39, हौसले:18, हौसलों:3
पील	59	3	0.75	0.75	0.07407407407407407	पीली	पीले	STRONG	पीली:35, पीले:19, पीला:5
अवस्थ	59	2	0.8333333333333334	0.8333333333333334	0.022222222222222223	अवस्थी	अवस्था	STRONG	अवस्था:32, अवस्थी:27
इमारत	59	2	0.8571428571428572	0.8571428571428572	0.08823529411764706	इमारतों	इमारतें	STRONG	इमारतों:46, इमारतें:13
उत्तर	59	2	0.7142857142857143	0.7142857142857143	0.0	उत्तरी	उत्तरों	STRONG	उत्तरी:51, उत्तरों:8
प्रस्ताव	58	2	0.8	0.8	0.0	प्रस्तावों	प्रस्तावना	STRONG	प्रस्तावों:46, प्रस्तावना:12
विचार	57	2	0.7142857142857143	0.7142857142857143	0.0	विचारकर	विचारों	STRONG	विचारों:55, विचारकर:2
दबदब	57	2	0.8	0.8	0.023809523809523808	दबदबा	दबदबे	STRONG	दबदबा:54, दबदबे:3
कस्ब	57	4	0.7166666666666668	0.6666666666666667	0.0	कस्बों	कस्बे	STRONG	कस्बे:30, कस्बों:17, कस्बा:8, कस्बाई:2
शाख	57	2	0.6666666666666667	0.6666666666666667	0.0	शाखा	शाखाओं	STRONG	शाखा:43, शाखाओं:14
टिकट	57	2	0.8333333333333334	0.8333333333333334	0.0	टिकटों	टिकटें	STRONG	टिकटों:55, टिकटें:2
इजाफ	56	2	0.8	0.8	0.0	इजाफा	इजाफे	STRONG	इजाफा:51, इजाफे:5
गंद	56	3	0.75	0.75	0.058823529411764705	गंदे	गंदा	STRONG	गंदा:26, गंदे:24, गंदी:6
उल्ट	56	4	0.6708333333333334	0.5	0.0	उल्टे	उल्टियां	STRONG	उल्टी:28, उल्टा:22, उल्टे:3, उल्टियां:3
लोध	56	2	0.75	0.75	0.0	लोधी	लोधे	STRONG	लोधी:54, लोधे:2
कोशिश	55	2	0.8571428571428572	0.8571428571428572	0.0625	कोशिशों	कोशिशें	STRONG	कोशिशों:28, कोशिशें:27
दक्षिण	55	2	0.8571428571428572	0.8571428571428572	0.0	दक्षिणी	दक्षिणा	STRONG	दक्षिणी:50, दक्षिणा:5
तोहफ	55	3	0.7111111111111112	0.6666666666666667	0.0	तोहफे	तोहफों	STRONG	तोहफा:47, तोहफे:5, तोहफों:3
नाक	55	2	0.75	0.75	0.05555555555555555	नाका	नाके	STRONG	नाका:46, नाके:9
कागज	54	2	0.6666666666666667	0.6666666666666667	0.0	कागजों	कागजी	STRONG	कागजी:30, कागजों:24
खिड़क	54	3	0.6666666666666666	0.5555555555555556	0.0	खिड़की	खिड़कियों	STRONG	खिड़की:43, खिड़कियों:7, खिड़कियां:4
सुचार	54	2	0.8333333333333334	0.8333333333333334	0.0	सुचारू	सुचारु	STRONG	सुचारू:36, सुचारु:18
कुलपत	53	2	0.6666666666666667	0.6666666666666667	0.0	कुलपति	कुलपतियों	STRONG	कुलपति:51, कुलपतियों:2
चन	53	2	0.6666666666666667	0.6666666666666667	0.09090909090909091	चना	चने	STRONG	चना:42, चने:11
इकलौ	52	3	0.8333333333333334	0.8333333333333334	0.030303030303030304	इकलौते	इकलौता	STRONG	इकलौता:24, इकलौते:20, इकलौती:8
तिरंग	52	2	0.8333333333333334	0.8333333333333334	0.07142857142857142	तिरंगा	तिरंगे	STRONG	तिरंगा:44, तिरंगे:8
मज	52	2	0.6666666666666667	0.6666666666666667	0.047619047619047616	मजा	मजे	STRONG	मजा:41, मजे:11
फिसल	52	5	0.7233333333333334	0.6666666666666667	0.0	फिसले	फिसली	STRONG	फिसला:16, फिसलने:16, फिसलकर:15, फिसले:3, फिसली:2
कांगड़	50	2	0.8571428571428572	0.8571428571428572	0.0	कांगड़ा	कांगड़ी	STRONG	कांगड़ा:47, कांगड़ी:3
विक्रे	50	2	0.8	0.8	0.07692307692307693	विक्रेता	विक्रेताओं	STRONG	विक्रेता:38, विक्रेताओं:12
इकट्ठ	49	2	0.8333333333333334	0.8333333333333334	0.025	इकट्ठा	इकट्ठे	STRONG	इकट्ठा:44, इकट्ठे:5
रवैय	49	2	0.8	0.8	0.05128205128205128	रवैया	रवैये	STRONG	रवैये:26, रवैया:23
पहच	49	2	0.8333333333333334	0.8333333333333334	0.043478260869565216	पहचाना	पहचाने	STRONG	पहचाना:26, पहचाने:23
प्रतिबद्ध	49	2	0.8461538461538461	0.8461538461538461	0.0	प्रतिबद्धता	प्रतिबद्धताओं	STRONG	प्रतिबद्धता:44, प्रतिबद्धताओं:5
घोड़	48	4	0.7333333333333334	0.6666666666666667	0.08333333333333333	घोड़ों	घोड़े	STRONG	घोड़ा:20, घोड़े:16, घोड़ों:9, घोड़ी:3
माफिय	48	2	0.75	0.75	0.034482758620689655	माफियाओं	माफिया	STRONG	माफिया:35, माफियाओं:13
तार	48	3	0.6666666666666666	0.6	0.07142857142857142	तारें	तारों	STRONG	तारा:26, तारों:18, तारें:4
वजह	47	2	0.8	0.8	0.05	वजहें	वजहों	STRONG	वजहों:29, वजहें:18
अड़	47	4	0.6527777777777778	0.5	0.0	अड़े	अड़ाकर	STRONG	अड़े:29, अड़ी:9, अड़ा:7, अड़ाकर:2
वैल्य	47	2	0.8333333333333334	0.8333333333333334	0.0	वैल्यू	वैल्यु	STRONG	वैल्यू:44, वैल्यु:3
प्रमुख	47	2	0.75	0.75	0.0	प्रमुखता	प्रमुखों	STRONG	प्रमुखता:34, प्रमुखों:13
बांक	47	2	0.8	0.8	0.0	बांके	बांका	STRONG	बांका:41, बांके:6
बूंद	46	3	0.7222222222222223	0.6666666666666667	0.0	बूंदें	बूंदों	STRONG	बूंदी:37, बूंदों:5, बूंदें:4
दीवार	46	2	0.8571428571428572	0.8571428571428572	0.06451612903225806	दीवारों	दीवारें	STRONG	दीवारों:27, दीवारें:19
माम	46	2	0.75	0.75	0.037037037037037035	मामी	मामा	STRONG	मामा:42, मामी:4
बेब	46	2	0.75	0.75	0.0	बेबी	बेबो	STRONG	बेबी:44, बेबो:2
बीघ	46	2	0.75	0.75	0.0	बीघा	बीघे	STRONG	बीघा:43, बीघे:3
शीश	45	3	0.75	0.75	0.0	शीशे	शीशी	STRONG	शीशे:22, शीशा:14, शीशी:9
प्रौद्योगिक	45	2	0.7333333333333334	0.7333333333333334	0.038461538461538464	प्रौद्योगिकी	प्रौद्योगिकियों	STRONG	प्रौद्योगिकी:42, प्रौद्योगिकियों:3
प्लाज	44	2	0.7142857142857143	0.7142857142857143	0.0	प्लाजा	प्लाजों	STRONG	प्लाजा:41, प्लाजों:3
कोरिय	43	2	0.8571428571428572	0.8571428571428572	0.043478260869565216	कोरिया	कोरियाई	STRONG	कोरिया:41, कोरियाई:2
जवाब	43	2	0.6666666666666667	0.6666666666666667	0.0	जवाबी	जवाबों	STRONG	जवाबी:35, जवाबों:8
खंभ	43	3	0.65	0.6	0.058823529411764705	खंभे	खंभा	STRONG	खंभे:25, खंभों:11, खंभा:7
सिंध	43	3	0.8000000000000002	0.8	0.0	सिंधु	सिंधू	STRONG	सिंधु:29, सिंधू:10, सिंधी:4
गांज	43	2	0.8	0.8	0.045454545454545456	गांजा	गांजे	STRONG	गांजा:35, गांजे:8
तगड़	42	3	0.8000000000000002	0.8	0.05	तगड़ी	तगड़े	STRONG	तगड़ा:19, तगड़ी:15, तगड़े:8
गाढ़	42	3	0.8000000000000002	0.8	0.0625	गाढ़ा	गाढ़े	STRONG	गाढ़ा:32, गाढ़ी:8, गाढ़े:2
कांग्रेस	42	2	0.6666666666666667	0.6666666666666667	0.0	कांग्रेसी	कांग्रेसियों	STRONG	कांग्रेसी:27, कांग्रेसियों:15
सुनहर	42	3	0.8333333333333334	0.8333333333333334	0.03333333333333333	सुनहरा	सुनहरी	STRONG	सुनहरा:26, सुनहरे:9, सुनहरी:7
दिक्कत	41	2	0.875	0.875	0.06060606060606061	दिक्कतों	दिक्कतें	STRONG	दिक्कतों:25, दिक्कतें:16
चचेर	41	3	0.8000000000000002	0.8	0.045454545454545456	चचेरे	चचेरी	STRONG	चचेरे:36, चचेरा:3, चचेरी:2
ड्र	41	2	0.8	0.8	0.0	ड्राई	ड्रा	STRONG	ड्राई:38, ड्रा:3
मराठ	41	3	0.8000000000000002	0.8	0.0	मराठे	मराठी	STRONG	मराठे:26, मराठी:12, मराठा:3
खर	41	3	0.6666666666666666	0.6666666666666667	0.0	खरे	खरा	STRONG	खरे:18, खरा:13, खरी:10
जनजात	40	2	0.6666666666666667	0.6666666666666667	0.08	जनजाति	जनजातियों	STRONG	जनजाति:38, जनजातियों:2
शोभायात्र	40	2	0.8333333333333334	0.8333333333333334	0.0	शोभायात्रा	शोभायात्राएं	STRONG	शोभायात्रा:38, शोभायात्राएं:2
शम	40	2	0.6666666666666667	0.6666666666666667	0.0	शमी	शमा	STRONG	शमी:34, शमा:6
दावेदार	39	2	0.7777777777777778	0.7777777777777778	0.03333333333333333	दावेदारी	दावेदारों	STRONG	दावेदारी:26, दावेदारों:13
सातव	39	3	0.8333333333333334	0.8333333333333334	0.03571428571428571	सातवां	सातवें	STRONG	सातवें:30, सातवां:7, सातवीं:2
विचारधार	39	2	0.8181818181818181	0.8181818181818181	0.0	विचारधारा	विचारधाराएं	STRONG	विचारधारा:37, विचारधाराएं:2
प्रतिभाग	39	2	0.6666666666666667	0.6666666666666667	0.09523809523809523	प्रतिभागी	प्रतिभागियों	STRONG	प्रतिभागियों:24, प्रतिभागी:15
अटकल	39	2	0.8333333333333334	0.8333333333333334	0.030303030303030304	अटकलों	अटकलें	STRONG	अटकलें:25, अटकलों:14
तारीख	39	2	0.8571428571428572	0.8571428571428572	0.08823529411764706	तारीखें	तारीखों	STRONG	तारीखों:29, तारीखें:10
आब	39	2	0.6666666666666667	0.6666666666666667	0.0	आबे	आबू	STRONG	आबे:27, आबू:12
किताब	39	2	0.8571428571428572	0.8571428571428572	0.08	किताबों	किताबें	STRONG	किताबों:20, किताबें:19
शत्र	39	2	0.7142857142857143	0.7142857142857143	0.041666666666666664	शत्रु	शत्रुओं	STRONG	शत्रु:22, शत्रुओं:17
दुकानदार	38	2	0.8	0.8	0.041666666666666664	दुकानदारों	दुकानदारी	STRONG	दुकानदारों:36, दुकानदारी:2
नमू	38	2	0.8	0.8	0.03571428571428571	नमूने	नमूना	STRONG	नमूने:26, नमूना:12
11व	38	3	0.8000000000000002	0.8	0.09090909090909091	11वें	11वां	STRONG	11वीं:24, 11वें:10, 11वां:4
सव	38	2	0.75	0.75	0.0	सवा	सवाई	STRONG	सवा:20, सवाई:18
लोक	38	2	0.8	0.8	0.0	लोको	लोकों	STRONG	लोको:35, लोकों:3
जलव	38	2	0.75	0.75	0.0	जलवा	जलवे	STRONG	जलवा:36, जलवे:2
नन्ह	38	5	0.7566666666666667	0.6666666666666667	0.09090909090909091	नन्हे	नन्हें	STRONG	नन्हे:12, नन्ही:11, नन्हा:7, नन्हीं:4, नन्हें:4
गि	37	3	0.75	0.75	0.0	गिनी	गिने	STRONG	गिना:22, गिने:11, गिनी:4
वरिष्ठ	37	2	0.75	0.75	0.0	वरिष्ठों	वरिष्ठता	STRONG	वरिष्ठों:27, वरिष्ठता:10
माथ	37	2	0.75	0.75	0.0	माथे	माथा	STRONG	माथे:26, माथा:11
धंध	37	2	0.75	0.75	0.0	धंधा	धंधे	STRONG	धंधा:19, धंधे:18
जख्म	37	2	0.6666666666666667	0.6666666666666667	0.037037037037037035	जख्मी	जख्मों	STRONG	जख्मी:32, जख्मों:5
लपट	37	2	0.8	0.8	0.0	लपटें	लपटों	STRONG	लपटें:30, लपटों:7
पंख	36	3	0.65	0.6	0.05555555555555555	पंखे	पंखों	STRONG	पंखे:23, पंखा:9, पंखों:4
पेशेवर	35	2	0.75	0.75	0.04	पेशेवरों	पेशेवरता	STRONG	पेशेवरों:29, पेशेवरता:6
रात्र	35	2	0.8333333333333334	0.8333333333333334	0.0	रात्रा	रात्रि	STRONG	रात्रि:31, रात्रा:4
छाय	35	2	0.75	0.75	0.0	छाया	छाये	STRONG	छाया:27, छाये:8
कार्ययोज	35	3	0.8611111111111112	0.8333333333333334	0.0	कार्ययोजनाएं	कार्ययोजनाओं	STRONG	कार्ययोजना:28, कार्ययोजनाएं:4, कार्ययोजनाओं:3
करार	34	2	0.8	0.8	0.0	करारा	करारी	STRONG	करारा:19, करारी:15
असफल	34	3	0.7916666666666666	0.75	0.045454545454545456	असफलता	असफलताओं	STRONG	असफलता:28, असफलताओं:3, असफलताएं:3
दूंग	34	2	0.8	0.8	0.037037037037037035	दूंगा	दूंगी	STRONG	दूंगा:30, दूंगी:4
कार्यालय	34	2	0.8	0.8	0.0	कार्यालयों	कार्यालयी	STRONG	कार्यालयों:32, कार्यालयी:2
रात	34	3	0.6666666666666666	0.6	0.0	रातें	रातों	STRONG	रातें:18, रातू:8, रातों:8
हाइव	34	2	0.8	0.8	0.0	हाइवे	हाइवा	STRONG	हाइवे:24, हाइवा:10
जग्ग	34	2	0.8	0.8	0.0	जग्गी	जग्गा	STRONG	जग्गा:27, जग्गी:7
फ्रांसीस	34	2	0.6666666666666667	0.6666666666666667	0.1	फ्रांसीसी	फ्रांसीसियों	STRONG	फ्रांसीसी:30, फ्रांसीसियों:4
कॉलोन	33	2	0.8888888888888888	0.8888888888888888	0.08333333333333333	कॉलोनियों	कॉलोनियां	STRONG	कॉलोनियों:29, कॉलोनियां:4
छी	33	3	0.75	0.75	0.0	छीने	छीनी	STRONG	छीने:13, छीना:10, छीनी:10
सत्य	32	2	0.8333333333333334	0.8333333333333334	0.0	सत्यता	सत्या	STRONG	सत्यता:24, सत्या:8
ब्योर	32	2	0.8333333333333334	0.8333333333333334	0.0	ब्योरा	ब्योरे	STRONG	ब्योरा:30, ब्योरे:2
पसी	32	2	0.8	0.8	0.04	पसीना	पसीने	STRONG	पसीना:25, पसीने:7
रेन	31	2	0.75	0.75	0.0	रेनो	रेनू	STRONG	रेनू:17, रेनो:14
जनसभ	31	2	0.7142857142857143	0.7142857142857143	0.05	जनसभा	जनसभाओं	STRONG	जनसभा:28, जनसभाओं:3
कीर्त	31	2	0.7142857142857143	0.7142857142857143	0.0	कीर्ति	कीर्तना	STRONG	कीर्ति:28, कीर्तना:3
पास	31	2	0.75	0.75	0.0	पासी	पासा	STRONG	पासी:27, पासा:4
बारीक	31	3	0.6666666666666666	0.5555555555555556	0.0	बारीकी	बारीकियों	STRONG	बारीकी:23, बारीकियों:4, बारीकियां:4
जंत	31	2	0.6666666666666667	0.6666666666666667	0.0	जंतु	जंतुओं	STRONG	जंतु:25, जंतुओं:6
अंगूठ	30	4	0.7129629629629629	0.5555555555555556	0.0	अंगूठे	अंगूठी	STRONG	अंगूठा:13, अंगूठे:11, अंगूठियां:3, अंगूठी:3
मोह	30	3	0.7166666666666667	0.6	0.0	मोहे	मोहा	STRONG	मोहना:25, मोहा:3, मोहे:2
अफवाह	30	2	0.8571428571428572	0.8571428571428572	0.047619047619047616	अफवाहों	अफवाहें	STRONG	अफवाहों:19, अफवाहें:11
कठिन	30	3	0.6666666666666666	0.5555555555555556	0.047619047619047616	कठिनाइयों	कठिनाई	STRONG	कठिनाई:19, कठिनाइयों:8, कठिनाइयां:3
भोल	30	3	0.75	0.75	0.0	भोले	भोलू	STRONG	भोलू:13, भोला:12, भोले:5
बाइक	30	2	0.8333333333333334	0.8333333333333334	0.0	बाइकों	बाइकें	STRONG	बाइकों:24, बाइकें:6
मंडल	30	3	0.7111111111111112	0.6666666666666667	0.0	मंडलों	मंडली	STRONG	मंडला:15, मंडलों:12, मंडली:3
विजय	30	3	0.7666666666666667	0.6666666666666667	0.0	विजयी	विजया	STRONG	विजयी:25, विजयता:3, विजया:2
अनूठ	29	3	0.8000000000000002	0.8	0.05263157894736842	अनूठा	अनूठी	STRONG	अनूठा:11, अनूठी:10, अनूठे:8
पहिय	29	2	0.8	0.8	0.05555555555555555	पहिया	पहिये	STRONG	पहिया:21, पहिये:8
धर्मशाल	29	2	0.8	0.8	0.0	धर्मशाला	धर्मशालाओं	STRONG	धर्मशाला:21, धर्मशालाओं:8
बख्श	29	3	0.7111111111111112	0.6666666666666667	0.0	बख्शा	बख्शी	STRONG	बख्शा:14, बख्शी:13, बख्शने:2
कतार	29	2	0.8333333333333334	0.8333333333333334	0.07692307692307693	कतारें	कतारों	STRONG	कतारें:20, कतारों:9
बिगाड़	29	2	0.75	0.75	0.0	बिगाड़ने	बिगाड़ा	STRONG	बिगाड़ा:19, बिगाड़ने:10
मुन्	29	3	0.8333333333333334	0.8333333333333334	0.0	मुन्ने	मुन्नी	STRONG	मुन्ना:22, मुन्ने:5, मुन्नी:2
जज्ब	28	2	0.8	0.8	0.0	जज्बा	जज्बे	STRONG	जज्बा:18, जज्बे:10
रूप	28	4	0.6749999999999999	0.6	0.0	रूपों	रूपे	STRONG	रूपा:15, रूपों:5, रूपी:5, रूपे:3
मेम	28	2	0.75	0.75	0.0	मेमू	मेमो	STRONG	मेमू:22, मेमो:6
ग्र	28	2	0.75	0.75	0.0	ग्रे	ग्रो	STRONG	ग्रे:23, ग्रो:5
दाहि	28	3	0.8333333333333334	0.8333333333333334	0.0	दाहिने	दाहिनी	STRONG	दाहिनी:13, दाहिने:11, दाहिना:4
फ्ल	28	3	0.65	0.6	0.0	फ्लो	फ्लू	STRONG	फ्लो:15, फ्लाई:8, फ्लू:5
बीत	27	5	0.6566666666666666	0.5	0.0	बीतेगा	बीतती	STRONG	बीतने:18, बीतेगा:3, बीतते:2, बीतता:2, बीतती:2
अस्थ	27	3	0.6666666666666666	0.5	0.0	अस्थियां	अस्थियों	STRONG	अस्थाई:15, अस्थियां:10, अस्थियों:2
चेत	27	2	0.6666666666666667	0.6666666666666667	0.0	चेतना	चेताया	STRONG	चेतना:16, चेताया:11
भर्त	27	2	0.875	0.875	0.06666666666666667	भर्तियां	भर्तियों	STRONG	भर्तियों:23, भर्तियां:4
फॉर्मूल	27	2	0.875	0.875	0.0	फॉर्मूला	फॉर्मूले	STRONG	फॉर्मूला:21, फॉर्मूले:6
भुगत	27	2	0.8333333333333334	0.8333333333333334	0.0	भुगतना	भुगतने	STRONG	भुगतना:15, भुगतने:12
ढिल्ल	27	2	0.8571428571428572	0.8571428571428572	0.0	ढिल्लों	ढिल्लो	STRONG	ढिल्लों:21, ढिल्लो:6
व्यवसाय	27	3	0.744107744107744	0.6363636363636364	0.06666666666666667	व्यवसायियों	व्यवसायी	STRONG	व्यवसायी:15, व्यवसायियों:8, व्यवसायों:4
विवेच	27	2	0.7777777777777778	0.7777777777777778	0.0	विवेचना	विवेचनाओं	STRONG	विवेचना:23, विवेचनाओं:4
संवेद	27	3	0.6825396825396824	0.5555555555555556	0.0	संवेदनाएं	संवेदी	STRONG	संवेदना:17, संवेदनाएं:7, संवेदी:3
प्रसू	27	2	0.7777777777777778	0.7777777777777778	0.0	प्रसूता	प्रसूताओं	STRONG	प्रसूता:18, प्रसूताओं:9
कारनाम	26	2	0.8571428571428572	0.8571428571428572	0.05263157894736842	कारनामा	कारनामे	STRONG	कारनामा:20, कारनामे:6
साद	26	3	0.75	0.75	0.0	सादे	सादी	STRONG	सादे:13, सादा:8, सादी:5
नक्श	26	2	0.8	0.8	0.05	नक्शे	नक्शा	STRONG	नक्शे:13, नक्शा:13
दादर	26	2	0.8	0.8	0.0	दादरा	दादरी	STRONG	दादरी:24, दादरा:2
विश	26	2	0.75	0.75	0.0	विशु	विशू	STRONG	विशु:24, विशू:2
उद्योगपत	26	2	0.75	0.75	0.0	उद्योगपतियों	उद्योगपति	STRONG	उद्योगपति:14, उद्योगपतियों:12
मम्म	25	2	0.8	0.8	0.0	मम्मी	मम्मा	STRONG	मम्मी:20, मम्मा:5
वारदात	25	2	0.875	0.875	0.0	वारदातों	वारदातें	STRONG	वारदातों:19, वारदातें:6
रिय	25	2	0.75	0.75	0.0	रियो	रिया	STRONG	रिया:18, रियो:7
इंड	25	2	0.75	0.75	0.0	इंडो	इंडी	STRONG	इंडी:14, इंडो:11
आशिय	25	2	0.8571428571428572	0.8571428571428572	0.07142857142857142	आशियाना	आशियाने	STRONG	आशियाना:22, आशियाने:3
डेर	25	2	0.75	0.75	0.0	डेरा	डेरी	STRONG	डेरा:22, डेरी:3
जांचकर्	25	2	0.8181818181818181	0.8181818181818181	0.05263157894736842	जांचकर्ताओं	जांचकर्ता	STRONG	जांचकर्ताओं:19, जांचकर्ता:6
ढील	25	3	0.75	0.75	0.0625	ढीला	ढीली	STRONG	ढीली:11, ढीला:9, ढीले:5
नगरपालिक	25	2	0.8181818181818181	0.8181818181818181	0.0	नगरपालिका	नगरपालिकाओं	STRONG	नगरपालिका:23, नगरपालिकाओं:2
एडीज	24	2	0.8	0.8	0.0	एडीजी	एडीजे	STRONG	एडीजी:19, एडीजे:5
सांस	24	3	0.7777777777777778	0.6666666666666667	0.0	सांसें	सांसों	STRONG	सांसें:14, सांसों:6, सांसे:4
धुर्व	24	2	0.8333333333333334	0.8333333333333334	0.0	धुर्वे	धुर्वा	STRONG	धुर्वा:18, धुर्वे:6
मैर	24	2	0.75	0.75	0.0	मैरी	मैरो	STRONG	मैरी:20, मैरो:4
भूख	24	3	0.75	0.75	0.0	भूखे	भूखी	STRONG	भूखे:17, भूखा:5, भूखी:2
चि	23	2	0.6666666666666667	0.6666666666666667	0.0	चिता	चिताएं	STRONG	चिता:21, चिताएं:2
मनम	23	2	0.8333333333333334	0.8333333333333334	0.0	मनमाना	मनमाने	STRONG	मनमाने:15, मनमाना:8
समान	23	2	0.75	0.75	0.0	समानता	समानताएं	STRONG	समानता:21, समानताएं:2
जमीन	23	2	0.8333333333333334	0.8333333333333334	0.0	जमीनों	जमीनें	STRONG	जमीनों:18, जमीनें:5
जिम्म	23	2	0.8333333333333334	0.8333333333333334	0.0	जिम्मा	जिम्मे	STRONG	जिम्मा:21, जिम्मे:2
बाजर	23	2	0.8	0.8	0.08333333333333333	बाजरा	बाजरे	STRONG	बाजरा:14, बाजरे:9
बेड़	22	4	0.6708333333333334	0.5	0.08333333333333333	बेड़े	बेड़ा	STRONG	बेड़े:10, बेड़ा:6, बेड़ो:4, बेड़ियां:2
छलक	22	2	0.75	0.75	0.0	छलका	छलके	STRONG	छलका:20, छलके:2
लील	22	3	0.7222222222222223	0.6666666666666667	0.07692307692307693	लीला	लीलाओं	STRONG	लीला:18, लीलाओं:2, लीलाएं:2
फीक	22	3	0.75	0.75	0.0	फीके	फीकी	STRONG	फीका:10, फीकी:9, फीके:3
अर्ल	22	2	0.8	0.8	0.0	अर्लो	अर्ली	STRONG	अर्ली:20, अर्लो:2
मध्यस्थ	22	2	0.7777777777777778	0.7777777777777778	0.0	मध्यस्थता	मध्यस्थों	STRONG	मध्यस्थता:17, मध्यस्थों:5
री	22	2	0.75	0.75	0.0	रीना	रीता	STRONG	रीना:16, रीता:6
मंज	22	2	0.75	0.75	0.0	मंजू	मंजु	STRONG	मंजू:20, मंजु:2
कार्यशाल	22	2	0.8181818181818181	0.8181818181818181	0.0	कार्यशाला	कार्यशालाएं	STRONG	कार्यशाला:20, कार्यशालाएं:2
शृंखल	22	2	0.75	0.75	0.07142857142857142	शृंखला	शृंखलाओं	STRONG	शृंखला:19, शृंखलाओं:3
बेरोजगार	21	2	0.8	0.8	0.0	बेरोजगारी	बेरोजगारों	STRONG	बेरोजगारी:19, बेरोजगारों:2
मानव	21	2	0.6666666666666667	0.6666666666666667	0.0	मानवता	मानवों	STRONG	मानवता:19, मानवों:2
साय	21	2	0.75	0.75	0.0	साया	साये	STRONG	साया:15, साये:6
निगाह	21	2	0.8571428571428572	0.8571428571428572	0.0	निगाहें	निगाहों	STRONG	निगाहें:19, निगाहों:2
भाल	21	2	0.75	0.75	0.0	भालू	भाला	STRONG	भालू:18, भाला:3
बालक	21	2	0.6666666666666667	0.6666666666666667	0.0	बालकनी	बालकों	STRONG	बालकनी:18, बालकों:3
महकम	20	2	0.8	0.8	0.0	महकमे	महकमा	STRONG	महकमे:17, महकमा:3
दसव	20	2	0.8	0.8	0.0	दसवीं	दसवें	STRONG	दसवीं:13, दसवें:7
सफाईकर्म	20	2	0.6666666666666667	0.6666666666666667	0.08333333333333333	सफाईकर्मियों	सफाईकर्मी	STRONG	सफाईकर्मी:11, सफाईकर्मियों:9
बौछार	20	2	0.8571428571428572	0.8571428571428572	0.0	बौछारें	बौछारों	STRONG	बौछारें:16, बौछारों:4
उत्पादक	20	2	0.7777777777777778	0.7777777777777778	0.0	उत्पादकों	उत्पादकता	STRONG	उत्पादकता:11, उत्पादकों:9
तेलुग	20	2	0.8333333333333334	0.8333333333333334	0.1	तेलुगु	तेलुगू	STRONG	तेलुगु:11, तेलुगू:9
पाबंद	20	3	0.6666666666666666	0.5555555555555556	0.0	पाबंदी	पाबंदियों	STRONG	पाबंदी:12, पाबंदियां:4, पाबंदियों:4
अखाड़	20	2	0.8333333333333334	0.8333333333333334	0.0	अखाड़ा	अखाड़े	STRONG	अखाड़ा:14, अखाड़े:6
नै	20	2	0.75	0.75	0.0	नैना	नैनी	STRONG	नैनी:13, नैना:7
पेर	20	3	0.65	0.6	0.0	पेरी	पेरू	STRONG	पेराई:10, पेरू:6, पेरी:4
बाशिंद	20	2	0.75	0.75	0.0	बाशिंदों	बाशिंदे	STRONG	बाशिंदे:18, बाशिंदों:2
भुन	19	3	0.6527777777777778	0.5	0.06666666666666667	भुनाएंगे	भुनाने	STRONG	भुनाएंगे:9, भुनाने:7, भुनने:3
फेफड़	19	2	0.7142857142857143	0.7142857142857143	0.0	फेफड़ों	फेफड़े	STRONG	फेफड़ों:15, फेफड़े:4
शुद्ध	19	3	0.8015873015873017	0.7142857142857143	0.0	शुद्धि	शुद्धा	STRONG	शुद्धता:12, शुद्धि:4, शुद्धा:3
पेंशनर	19	2	0.75	0.75	0.0	पेंशनरों	पेंशनरी	STRONG	पेंशनरों:16, पेंशनरी:3
दिखाव	19	2	0.8333333333333334	0.8333333333333334	0.06666666666666667	दिखावे	दिखावा	STRONG	दिखावे:10, दिखावा:9
मोटरसाइकिल	19	2	0.9166666666666666	0.9166666666666666	0.08333333333333333	मोटरसाइकिलों	मोटरसाइकिलें	STRONG	मोटरसाइकिलों:11, मोटरसाइकिलें:8
आवाज	19	2	0.8333333333333334	0.8333333333333334	0.07142857142857142	आवाजें	आवाजों	STRONG	आवाजें:14, आवाजों:5
शेखपुर	19	2	0.8571428571428572	0.8571428571428572	0.0	शेखपुरा	शेखपुरी	STRONG	शेखपुरा:16, शेखपुरी:3
नी	19	2	0.75	0.75	0.0	नीना	नीता	STRONG	नीता:11, नीना:8
हत्थ	19	2	0.8	0.8	0.0	हत्थे	हत्था	STRONG	हत्थे:17, हत्था:2
रुकावट	18	2	0.875	0.875	0.058823529411764705	रुकावटें	रुकावटों	STRONG	रुकावटें:13, रुकावटों:5
खुद	18	2	0.8	0.8	0.0	खुदाई	खुदा	STRONG	खुदाई:14, खुदा:4
हरकत	18	2	0.8333333333333334	0.8333333333333334	0.0	हरकतों	हरकतें	STRONG	हरकतें:10, हरकतों:8
बूढ़	18	2	0.8	0.8	0.0	बूढ़ी	बूढ़ा	STRONG	बूढ़ी:11, बूढ़ा:7
दूल्ह	18	2	0.8333333333333334	0.8333333333333334	0.1	दूल्हा	दूल्हे	STRONG	दूल्हे:10, दूल्हा:8
प्रत्यक्षदर्श	18	2	0.7647058823529411	0.7647058823529411	0.0	प्रत्यक्षदर्शियों	प्रत्यक्षदर्शी	STRONG	प्रत्यक्षदर्शियों:14, प्रत्यक्षदर्शी:4
लाएग	18	2	0.8	0.8	0.0	लाएगा	लाएगी	STRONG	लाएगी:14, लाएगा:4
5व	18	3	0.75	0.75	0.1	5वें	5वीं	STRONG	5वें:8, 5वीं:5, 5वां:5
जयकार	18	3	0.753968253968254	0.7142857142857143	0.0	जयकारे	जयकारों	STRONG	जयकारे:11, जयकारा:5, जयकारों:2
टांड	18	2	0.8	0.8	0.0	टांडा	टांडी	STRONG	टांडा:13, टांडी:5
मुलाकात	17	2	0.8888888888888888	0.8888888888888888	0.07692307692307693	मुलाकातों	मुलाकातें	STRONG	मुलाकातों:14, मुलाकातें:3
गौर	17	2	0.75	0.75	0.0	गौरी	गौरा	STRONG	गौरी:15, गौरा:2
आई	17	2	0.75	0.75	0.0	आईने	आईना	STRONG	आईना:15, आईने:2
दिव्यांग	17	2	0.8	0.8	0.0	दिव्यांगता	दिव्यांगों	STRONG	दिव्यांगता:12, दिव्यांगों:5
खाक	17	2	0.75	0.75	0.0	खाका	खाकी	STRONG	खाकी:10, खाका:7
हस्त	17	2	0.875	0.875	0.0	हस्तियों	हस्तियां	STRONG	हस्तियों:13, हस्तियां:4
आंदोलनकार	17	2	0.6923076923076923	0.6923076923076923	0.08333333333333333	आंदोलनकारी	आंदोलनकारियों	STRONG	आंदोलनकारी:11, आंदोलनकारियों:6
गुण	17	3	0.65	0.6	0.0	गुणों	गुणी	STRONG	गुणों:8, गुणा:6, गुणी:3
नौव	17	3	0.8000000000000002	0.8	0.0	नौवें	नौवां	STRONG	नौवें:8, नौवीं:7, नौवां:2
रोहिंग्य	17	2	0.8181818181818181	0.8181818181818181	0.0	रोहिंग्याओं	रोहिंग्या	STRONG	रोहिंग्याओं:9, रोहिंग्या:8
ग्ल	17	2	0.75	0.75	0.0	ग्लो	ग्लू	STRONG	ग्लो:15, ग्लू:2
वास्तविक	16	2	0.8333333333333334	0.8333333333333334	0.0	वास्तविकता	वास्तविकताओं	STRONG	वास्तविकता:14, वास्तविकताओं:2
मलेशिय	16	2	0.875	0.875	0.0	मलेशिया	मलेशियाई	STRONG	मलेशिया:13, मलेशियाई:3
परिभाष	16	2	0.7777777777777778	0.7777777777777778	0.08333333333333333	परिभाषा	परिभाषाएं	STRONG	परिभाषा:14, परिभाषाएं:2
पुलिसवाल	16	3	0.8296296296296296	0.8	0.0	पुलिसवालों	पुलिसवाले	STRONG	पुलिसवालों:7, पुलिसवाले:5, पुलिसवाला:4
दस्	16	2	0.8	0.8	0.09090909090909091	दस्ते	दस्ता	STRONG	दस्ते:14, दस्ता:2
तांब	16	2	0.8	0.8	0.0	तांबा	तांबे	STRONG	तांबे:13, तांबा:3
क्रिस्ट	16	2	0.875	0.875	0.0	क्रिस्टा	क्रिस्टी	STRONG	क्रिस्टा:14, क्रिस्टी:2
तीरंदाज	16	2	0.7777777777777778	0.7777777777777778	0.0	तीरंदाजी	तीरंदाजों	STRONG	तीरंदाजी:14, तीरंदाजों:2
मानस	16	2	0.8	0.8	0.0	मानसी	मानसा	STRONG	मानसी:9, मानसा:7
पिंट	15	2	0.8	0.8	0.0	पिंटो	पिंटू	STRONG	पिंटो:10, पिंटू:5
फार्मूल	15	2	0.875	0.875	0.07142857142857142	फार्मूले	फार्मूला	STRONG	फार्मूला:11, फार्मूले:4
शिव	15	2	0.75	0.75	0.0	शिवा	शिवि	STRONG	शिवा:13, शिवि:2
15व	15	2	0.8	0.8	0.0	15वीं	15वें	STRONG	15वें:9, 15वीं:6
गमछ	15	2	0.75	0.75	0.09090909090909091	गमछा	गमछे	STRONG	गमछा:9, गमछे:6
अक्षर	15	2	0.7142857142857143	0.7142857142857143	0.0	अक्षरों	अक्षरा	STRONG	अक्षरा:10, अक्षरों:5
खसर	15	2	0.75	0.75	0.0	खसरा	खसरे	STRONG	खसरा:13, खसरे:2
धर्म	15	2	0.6666666666666667	0.6666666666666667	0.0	धर्मों	धर्मा	STRONG	धर्मों:13, धर्मा:2
सुथर	15	3	0.8000000000000002	0.8	0.0	सुथरे	सुथरी	STRONG	सुथरे:7, सुथरी:4, सुथरा:4
खूंट	15	2	0.8	0.8	0.0	खूंटा	खूंटी	STRONG	खूंटी:12, खूंटा:3
भाईचार	15	2	0.8571428571428572	0.8571428571428572	0.07142857142857142	भाईचारे	भाईचारा	STRONG	भाईचारे:12, भाईचारा:3
बिरंग	14	2	0.8333333333333334	0.8333333333333334	0.0	बिरंगे	बिरंगी	STRONG	बिरंगी:11, बिरंगे:3
कैंप	14	2	0.6666666666666667	0.6666666666666667	0.0	कैंपा	कैंपों	STRONG	कैंपा:8, कैंपों:6
कोह	14	2	0.8	0.8	0.0	कोहना	कोहनी	STRONG	कोहनी:8, कोहना:6
तालुक	14	2	0.7142857142857143	0.7142857142857143	0.0	तालुका	तालुकों	STRONG	तालुका:9, तालुकों:5
दीव	14	2	0.8333333333333334	0.8333333333333334	0.0	दीवाने	दीवाना	STRONG	दीवाने:7, दीवाना:7
रस्म	14	2	0.8333333333333334	0.8333333333333334	0.0	रस्में	रस्मों	STRONG	रस्में:12, रस्मों:2
शरार	14	2	0.6666666666666667	0.6666666666666667	0.0	शरारती	शरारा	STRONG	शरारती:7, शरारा:7
सावधान	14	2	0.9	0.9	0.0	सावधानियां	सावधानियों	STRONG	सावधानियां:9, सावधानियों:5
सदम	14	2	0.75	0.75	0.0	सदमा	सदमे	STRONG	सदमे:11, सदमा:3
राजने	14	2	0.7777777777777778	0.7777777777777778	0.0	राजनेता	राजनेताओं	STRONG	राजनेता:9, राजनेताओं:5
गृहस्थ	14	2	0.75	0.75	0.0	गृहस्थों	गृहस्थी	STRONG	गृहस्थी:11, गृहस्थों:3
विषैल	14	2	0.8333333333333334	0.8333333333333334	0.09090909090909091	विषैले	विषैला	STRONG	विषैले:10, विषैला:4
पहर	14	2	0.75	0.75	0.0	पहरा	पहरे	STRONG	पहरा:11, पहरे:3
खासियत	14	2	0.875	0.875	0.0	खासियतें	खासियतों	STRONG	खासियतों:8, खासियतें:6
फव्वार	14	2	0.8571428571428572	0.8571428571428572	0.0	फव्वारा	फव्वारे	STRONG	फव्वारा:12, फव्वारे:2
सुंदर	14	2	0.7142857142857143	0.7142857142857143	0.0	सुंदरता	सुंदरी	STRONG	सुंदरता:12, सुंदरी:2
14व	13	2	0.8	0.8	0.0	14वें	14वीं	STRONG	14वें:8, 14वीं:5
सन्नाट	13	2	0.8571428571428572	0.8571428571428572	0.0	सन्नाटा	सन्नाटे	STRONG	सन्नाटा:10, सन्नाटे:3
जमावड़	13	2	0.8571428571428572	0.8571428571428572	0.09090909090909091	जमावड़ा	जमावड़े	STRONG	जमावड़ा:10, जमावड़े:3
संकल्प	13	2	0.75	0.75	0.0	संकल्पों	संकल्पना	STRONG	संकल्पों:11, संकल्पना:2
पहनाव	13	2	0.8333333333333334	0.8333333333333334	0.0	पहनावे	पहनावा	STRONG	पहनावे:7, पहनावा:6
ता	13	3	0.75	0.75	0.0	ताने	तानी	STRONG	ताना:6, ताने:5, तानी:2
महाम	13	3	0.753968253968254	0.7142857142857143	0.0	महामाया	महामा	STRONG	महामा:8, महामना:3, महामाया:2
बस्त	13	2	0.875	0.875	0.0	बस्तियों	बस्तियां	STRONG	बस्तियों:11, बस्तियां:2
उपज	13	3	0.75	0.75	0.0	उपजे	उपजी	STRONG	उपजे:9, उपजा:2, उपजी:2
स्प	13	2	0.8	0.8	0.0	स्पाई	स्पा	STRONG	स्पा:8, स्पाई:5
आश्रमशाल	13	2	0.8181818181818181	0.8181818181818181	0.0	आश्रमशाला	आश्रमशालाओं	STRONG	आश्रमशाला:11, आश्रमशालाओं:2
रेहड़	13	2	0.8333333333333334	0.8333333333333334	0.0	रेहड़ी	रेहड़ा	STRONG	रेहड़ी:11, रेहड़ा:2
जॉर्जिय	12	2	0.8888888888888888	0.8888888888888888	0.0	जॉर्जिया	जॉर्जियाई	STRONG	जॉर्जिया:10, जॉर्जियाई:2
बुलाव	12	2	0.8333333333333334	0.8333333333333334	0.0	बुलावे	बुलावा	STRONG	बुलावे:6, बुलावा:6
मंसूब	12	3	0.753968253968254	0.7142857142857143	0.0	मंसूबों	मंसूबे	STRONG	मंसूबा:5, मंसूबों:4, मंसूबे:3
लाइट	12	2	0.8333333333333334	0.8333333333333334	0.0	लाइटों	लाइटें	STRONG	लाइटें:8, लाइटों:4
मुह	12	2	0.8333333333333334	0.8333333333333334	0.0	मुहाने	मुहाना	STRONG	मुहाने:10, मुहाना:2
सू	12	3	0.6666666666666666	0.5	0.0	सूना	सूनी	STRONG	सूती:7, सूनी:3, सूना:2
निर्माण	12	2	0.7777777777777778	0.7777777777777778	0.0	निर्माणों	निर्माणी	STRONG	निर्माणों:8, निर्माणी:4
पिस्	12	2	0.8333333333333334	0.8333333333333334	0.0	पिस्ता	पिस्ते	STRONG	पिस्ता:9, पिस्ते:3
गुच्छ	12	2	0.8333333333333334	0.8333333333333334	0.0	गुच्छी	गुच्छे	STRONG	गुच्छी:10, गुच्छे:2
पीय	12	2	0.75	0.75	0.0	पीयू	पीया	STRONG	पीयू:8, पीया:4
पीक	11	2	0.75	0.75	0.0	पीके	पीकू	STRONG	पीके:7, पीकू:4
धारण	11	2	0.7142857142857143	0.7142857142857143	0.0	धारणा	धारणाओं	STRONG	धारणा:6, धारणाओं:5
बरामद	11	2	0.8333333333333334	0.8333333333333334	0.0	बरामदे	बरामदा	STRONG	बरामदे:7, बरामदा:4
पाव	11	2	0.8	0.8	0.0	पावनी	पावना	STRONG	पावनी:9, पावना:2
चावल	11	2	0.6666666666666667	0.6666666666666667	0.0	चावला	चावलों	STRONG	चावला:8, चावलों:3
किस्त	11	2	0.8571428571428572	0.8571428571428572	0.0	किस्तों	किस्तें	STRONG	किस्तों:9, किस्तें:2
अर्थशास्त्र	11	2	0.7333333333333334	0.7333333333333334	0.0	अर्थशास्त्रियों	अर्थशास्त्री	STRONG	अर्थशास्त्री:6, अर्थशास्त्रियों:5
फूफ	11	2	0.75	0.75	0.0	फूफा	फूफी	STRONG	फूफी:7, फूफा:4
मुंड	11	2	0.8	0.8	0.0	मुंडा	मुंडे	STRONG	मुंडे:7, मुंडा:4
टोट	11	2	0.75	0.75	0.0	टोटो	टोटा	STRONG	टोटो:9, टोटा:2
बकायेदार	11	2	0.8	0.8	0.0	बकायेदारी	बकायेदारों	STRONG	बकायेदारों:6, बकायेदारी:5
कट्ट	11	2	0.8	0.8	0.0	कट्टा	कट्टे	STRONG	कट्टा:9, कट्टे:2
शंभ	11	2	0.75	0.75	0.0	शंभू	शंभु	STRONG	शंभू:7, शंभु:4
जालसाज	11	2	0.75	0.75	0.0	जालसाजी	जालसाजों	STRONG	जालसाजों:8, जालसाजी:3
पेस	11	2	0.75	0.75	0.0	पेसा	पेसू	STRONG	पेसू:8, पेसा:3
दीप	10	3	0.65	0.6	0.0	दीपू	दीपों	STRONG	दीपू:5, दीपों:3, दीपा:2
खिलौ	10	2	0.8333333333333334	0.8333333333333334	0.0	खिलौने	खिलौना	STRONG	खिलौने:8, खिलौना:2
हज़ार	10	2	0.8571428571428572	0.8571428571428572	0.0	हज़ारों	हज़ारो	STRONG	हज़ारों:5, हज़ारो:5
मनचाह	10	3	0.8333333333333334	0.8333333333333334	0.0	मनचाहे	मनचाही	STRONG	मनचाही:4, मनचाहे:3, मनचाहा:3
गद्दार	10	2	0.75	0.75	0.0	गद्दारों	गद्दारी	STRONG	गद्दारों:6, गद्दारी:4
प्रवृत्त	10	2	0.75	0.75	0.0	प्रवृत्तियों	प्रवृत्ति	STRONG	प्रवृत्ति:8, प्रवृत्तियों:2
पंचनाम	10	2	0.8571428571428572	0.8571428571428572	0.0	पंचनामा	पंचनामे	STRONG	पंचनामा:8, पंचनामे:2
लोढ़	10	2	0.8	0.8	0.0	लोढ़ी	लोढ़ा	STRONG	लोढ़ा:8, लोढ़ी:2
कुंड	10	2	0.8	0.8	0.0	कुंडी	कुंडा	STRONG	कुंडी:7, कुंडा:3
चीज़	10	2	0.8333333333333334	0.8333333333333334	0.0	चीज़ों	चीज़ें	STRONG	चीज़ें:7, चीज़ों:3
छर्र	10	2	0.8	0.8	0.0	छर्रा	छर्रे	STRONG	छर्रे:6, छर्रा:4
कारख	10	2	0.8571428571428572	0.8571428571428572	0.0	कारखाने	कारखाना	STRONG	कारखाने:7, कारखाना:3
नौकरशाह	10	2	0.7777777777777778	0.7777777777777778	0.0	नौकरशाहों	नौकरशाही	STRONG	नौकरशाही:7, नौकरशाहों:3
सौम्य	10	2	0.8571428571428572	0.8571428571428572	0.0	सौम्या	सौम्यता	STRONG	सौम्या:6, सौम्यता:4
धर्मगुर	10	2	0.8	0.8	0.0	धर्मगुरु	धर्मगुरुओं	STRONG	धर्मगुरु:5, धर्मगुरुओं:5
समाजसेव	10	3	0.7159090909090908	0.6363636363636364	0.0	समाजसेवी	समाजसेवियों	STRONG	समाजसेवी:6, समाजसेवा:2, समाजसेवियों:2
19व	10	2	0.8	0.8	0.0	19वें	19वीं	STRONG	19वीं:6, 19वें:4
प्रधानाचार्य	10	2	0.8571428571428572	0.8571428571428572	0.0	प्रधानाचार्या	प्रधानाचार्यों	STRONG	प्रधानाचार्यों:6, प्रधानाचार्या:4
आसर	10	2	0.75	0.75	0.0	आसरा	आसरे	STRONG	आसरा:6, आसरे:4
मलयेशिय	10	2	0.8888888888888888	0.8888888888888888	0.0	मलयेशियाई	मलयेशिया	STRONG	मलयेशिया:8, मलयेशियाई:2
16व	9	3	0.8000000000000002	0.8	0.0	16वें	16वीं	STRONG	16वें:5, 16वां:2, 16वीं:2
प्रतीक	9	2	0.75	0.75	0.0	प्रतीकों	प्रतीका	STRONG	प्रतीकों:6, प्रतीका:3
अश्व	9	2	0.8333333333333334	0.8333333333333334	0.0	अश्वनी	अश्वी	STRONG	अश्वनी:7, अश्वी:2
कोज	9	2	0.75	0.75	0.0	कोजी	कोजा	STRONG	कोजी:5, कोजा:4
इंट्र	9	2	0.8333333333333334	0.8333333333333334	0.0	इंट्री	इंट्रा	STRONG	इंट्रा:6, इंट्री:3
नीर	9	2	0.75	0.75	0.0	नीरू	नीरो	STRONG	नीरू:7, नीरो:2
परस	9	3	0.6666666666666666	0.6	0.0	परसों	परसाई	STRONG	परसों:4, परसा:3, परसाई:2
सैन्यकर्म	9	2	0.6923076923076923	0.6923076923076923	0.0	सैन्यकर्मियों	सैन्यकर्मी	STRONG	सैन्यकर्मी:7, सैन्यकर्मियों:2
मौस	9	2	0.75	0.75	0.0	मौसी	मौसा	STRONG	मौसा:5, मौसी:4
कल्ल	9	3	0.8000000000000002	0.8	0.0	कल्लू	कल्ला	STRONG	कल्ली:5, कल्लू:2, कल्ला:2
श्रीम	9	2	0.75	0.75	0.0	श्रीमती	श्रीमाता	STRONG	श्रीमती:6, श्रीमाता:3
सैफ	9	2	0.8	0.8	0.0	सैफी	सैफनी	STRONG	सैफी:7, सैफनी:2
झर	9	2	0.75	0.75	0.0	झरने	झरना	STRONG	झरने:6, झरना:3
चंदेर	9	2	0.8333333333333334	0.8333333333333334	0.0	चंदेरी	चंदेरा	STRONG	चंदेरी:7, चंदेरा:2
उखड़	8	3	0.7666666666666667	0.6666666666666667	0.0	उखड़ा	उखड़े	STRONG	उखड़ा:4, उखड़ने:2, उखड़े:2
बट्ट	8	2	0.8	0.8	0.0	बट्टे	बट्टा	STRONG	बट्टा:6, बट्टे:2
18व	8	3	0.8000000000000002	0.8	0.0	18वें	18वां	STRONG	18वीं:3, 18वें:3, 18वां:2
मह	8	2	0.6666666666666667	0.6666666666666667	0.0	महा	महू	STRONG	महा:6, महू:2
फांद	8	3	0.7222222222222223	0.6666666666666667	0.0	फांदने	फांदते	STRONG	फांदकर:4, फांदने:2, फांदते:2
असहज	8	2	0.75	0.75	0.0	असहजता	असहजताएं	STRONG	असहजता:4, असहजताएं:4
तिहर	8	2	0.8	0.8	0.0	तिहरा	तिहरे	STRONG	तिहरा:4, तिहरे:4
कुनब	8	2	0.8	0.8	0.0	कुनबे	कुनबा	STRONG	कुनबे:5, कुनबा:3
मैक्र	8	2	0.8571428571428572	0.8571428571428572	0.0	मैक्रो	मैक्रों	STRONG	मैक्रों:6, मैक्रो:2
46व	8	2	0.8	0.8	0.0	46वीं	46वें	STRONG	46वीं:4, 46वें:4
अपील	8	2	0.8333333333333334	0.8333333333333334	0.0	अपीलें	अपीलों	STRONG	अपीलें:5, अपीलों:3
जेब	8	3	0.65	0.6	0.0	जेबें	जेबा	STRONG	जेबी:4, जेबें:2, जेबा:2
मोच	8	2	0.75	0.75	0.0	मोचा	मोची	STRONG	मोचा:5, मोची:3
कोठार	8	2	0.8333333333333334	0.8333333333333334	0.0	कोठारी	कोठारे	STRONG	कोठारी:6, कोठारे:2
विभीषिक	8	2	0.8	0.8	0.0	विभीषिकाएं	विभीषिका	STRONG	विभीषिका:6, विभीषिकाएं:2
बीड़	8	2	0.8	0.8	0.0	बीड़ी	बीड़ा	STRONG	बीड़ी:6, बीड़ा:2
शाइ	8	2	0.8	0.8	0.0	शाइनी	शाइना	STRONG	शाइनी:6, शाइना:2
जायक	8	2	0.8	0.8	0.0	जायके	जायका	STRONG	जायके:6, जायका:2
स्ल	8	2	0.75	0.75	0.0	स्ले	स्लो	STRONG	स्ले:6, स्लो:2
सेल	8	2	0.75	0.75	0.0	सेला	सेलो	STRONG	सेलो:5, सेला:3
शंक	8	2	0.6666666666666667	0.6666666666666667	0.0	शंका	शंकाओं	STRONG	शंका:6, शंकाओं:2
दुश्वार	8	3	0.7272727272727272	0.6363636363636364	0.0	दुश्वारी	दुश्वारियों	STRONG	दुश्वारियां:4, दुश्वारी:2, दुश्वारियों:2
मनस	8	2	0.75	0.75	0.0	मनसे	मनसा	STRONG	मनसे:4, मनसा:4
कचौर	8	2	0.8	0.8	0.0	कचौरा	कचौरी	STRONG	कचौरी:6, कचौरा:2
शूर	8	2	0.75	0.75	0.0	शूरा	शूरू	STRONG	शूरा:6, शूरू:2
मांड	8	2	0.8	0.8	0.0	मांडा	मांडू	STRONG	मांडा:5, मांडू:3
डा	8	2	0.75	0.75	0.0	डाना	डाने	STRONG	डाना:6, डाने:2
सेविक	8	2	0.75	0.75	0.0	सेविकाओं	सेविका	STRONG	सेविकाओं:4, सेविका:4
हलव	7	2	0.8	0.8	0.0	हलवाई	हलवा	STRONG	हलवा:4, हलवाई:3
स्वार्थ	7	2	0.7777777777777778	0.7777777777777778	0.0	स्वार्थों	स्वार्थी	STRONG	स्वार्थी:5, स्वार्थों:2
उलझन	7	2	0.8333333333333334	0.8333333333333334	0.0	उलझनें	उलझनों	STRONG	उलझनें:4, उलझनों:3
पाऊंग	7	2	0.8333333333333334	0.8333333333333334	0.0	पाऊंगा	पाऊंगी	STRONG	पाऊंगा:5, पाऊंगी:2
ज़िल	7	2	0.8	0.8	0.0	ज़िला	ज़िले	STRONG	ज़िले:5, ज़िला:2
अट	7	2	0.6666666666666667	0.6666666666666667	0.0	अटा	अटी	STRONG	अटी:5, अटा:2
बारहव	7	2	0.8571428571428572	0.8571428571428572	0.0	बारहवें	बारहवीं	STRONG	बारहवीं:4, बारहवें:3
डीव	7	2	0.75	0.75	0.0	डीवा	डीवी	STRONG	डीवी:4, डीवा:3
चित्र	7	2	0.7142857142857143	0.7142857142857143	0.0	चित्रा	चित्रों	STRONG	चित्रों:4, चित्रा:3
कमल	7	2	0.75	0.75	0.0	कमला	कमले	STRONG	कमला:5, कमले:2
विकृत	7	2	0.6666666666666667	0.6666666666666667	0.0	विकृति	विकृतियों	STRONG	विकृति:5, विकृतियों:2
जुद	7	2	0.8	0.8	0.0	जुदा	जुदाई	STRONG	जुदा:5, जुदाई:2
सोल	7	2	0.75	0.75	0.0	सोले	सोलो	STRONG	सोले:4, सोलो:3
दृश्य	7	2	0.7142857142857143	0.7142857142857143	0.0	दृश्यों	दृश्यता	STRONG	दृश्यता:5, दृश्यों:2
कुंभ	7	2	0.8	0.8	0.0	कुंभी	कुंभा	STRONG	कुंभी:4, कुंभा:3
अत्र	7	2	0.8	0.8	0.0	अत्री	अत्रे	STRONG	अत्री:5, अत्रे:2
पढ़ेंइस	7	2	0.875	0.875	0.0	पढ़ेंइसी	पढ़ेंइसे	STRONG	पढ़ेंइसी:4, पढ़ेंइसे:3
अमर	7	2	0.8	0.8	0.0	अमरा	अमरता	STRONG	अमरा:5, अमरता:2
क्यार	7	2	0.8333333333333334	0.8333333333333334	0.0	क्यारा	क्यारी	STRONG	क्यारी:5, क्यारा:2
डब्ब	7	2	0.8	0.8	0.0	डब्बू	डब्बा	STRONG	डब्बू:4, डब्बा:3
शिल्प	7	2	0.8333333333333334	0.8333333333333334	0.0	शिल्पा	शिल्पी	STRONG	शिल्पी:4, शिल्पा:3
जनाज	7	2	0.8	0.8	0.0	जनाजा	जनाजे	STRONG	जनाजा:5, जनाजे:2
जूड	7	2	0.75	0.75	0.0	जूडो	जूडी	STRONG	जूडो:5, जूडी:2
परत	6	2	0.8	0.8	0.0	परतों	परतें	STRONG	परतों:3, परतें:3
मुहल्ल	6	2	0.8571428571428572	0.8571428571428572	0.0	मुहल्ला	मुहल्ले	STRONG	मुहल्ला:4, मुहल्ले:2
खुच	6	2	0.75	0.75	0.0	खुचे	खुची	STRONG	खुचे:4, खुची:2
कर्ज	6	2	0.6666666666666667	0.6666666666666667	0.0	कर्जा	कर्जों	STRONG	कर्जा:3, कर्जों:3
दरिंद	6	2	0.8333333333333334	0.8333333333333334	0.0	दरिंदे	दरिंदा	STRONG	दरिंदा:4, दरिंदे:2
अड़चन	6	2	0.8571428571428572	0.8571428571428572	0.0	अड़चनें	अड़चनों	STRONG	अड़चनें:3, अड़चनों:3
थैल	6	2	0.75	0.75	0.0	थैले	थैला	STRONG	थैला:4, थैले:2
मुखौट	6	2	0.8333333333333334	0.8333333333333334	0.0	मुखौटे	मुखौटा	STRONG	मुखौटा:4, मुखौटे:2
पिच	6	2	0.8	0.8	0.0	पिचें	पिचों	STRONG	पिचों:4, पिचें:2
पोखर	6	2	0.8	0.8	0.0	पोखरा	पोखरी	STRONG	पोखरा:4, पोखरी:2
42व	6	2	0.8	0.8	0.0	42वीं	42वें	STRONG	42वीं:4, 42वें:2
पिपर	6	2	0.8	0.8	0.0	पिपरा	पिपरी	STRONG	पिपरा:3, पिपरी:3
सांगल	6	2	0.8333333333333334	0.8333333333333334	0.0	सांगली	सांगला	STRONG	सांगली:4, सांगला:2
सोट	6	2	0.75	0.75	0.0	सोटो	सोटी	STRONG	सोटी:4, सोटो:2
देवर	6	2	0.6666666666666667	0.6666666666666667	0.0	देवरों	देवरी	STRONG	देवरों:3, देवरी:3
अंश	6	2	0.75	0.75	0.0	अंशू	अंशु	STRONG	अंशु:4, अंशू:2
तारीफ	6	2	0.8571428571428572	0.8571428571428572	0.0	तारीफें	तारीफों	STRONG	तारीफें:3, तारीफों:3
एग्र	6	2	0.8	0.8	0.0	एग्रो	एग्री	STRONG	एग्रो:3, एग्री:3
उजाड़	6	2	0.7142857142857143	0.7142857142857143	0.0	उजाड़ने	उजाड़ी	STRONG	उजाड़ने:4, उजाड़ी:2
बक्श	6	2	0.8	0.8	0.0	बक्शी	बक्शा	STRONG	बक्शी:4, बक्शा:2
कांग	6	2	0.8	0.8	0.0	कांगा	कांगो	STRONG	कांगा:3, कांगो:3
पालक	6	2	0.6666666666666667	0.6666666666666667	0.0	पालकी	पालकों	STRONG	पालकी:3, पालकों:3
सा	5	2	0.75	0.75	0.0	साना	साने	STRONG	साना:3, साने:2
अनचाह	5	2	0.8333333333333334	0.8333333333333334	0.0	अनचाही	अनचाहे	STRONG	अनचाही:3, अनचाहे:2
मुकर	5	2	0.6666666666666667	0.6666666666666667	0.0	मुकरने	मुकरा	STRONG	मुकरा:3, मुकरने:2
सुह	5	2	0.8333333333333334	0.8333333333333334	0.0	सुहाना	सुहाने	STRONG	सुहाना:3, सुहाने:2
दार	5	2	0.75	0.75	0.0	दारू	दारा	STRONG	दारा:3, दारू:2
फुहार	5	2	0.8571428571428572	0.8571428571428572	0.0	फुहारें	फुहारों	STRONG	फुहारें:3, फुहारों:2
सकर	5	2	0.75	0.75	0.0	सकरी	सकरा	STRONG	सकरी:3, सकरा:2
औरत	5	2	0.8	0.8	0.0	औरतों	औरतें	STRONG	औरतों:3, औरतें:2
आपूर्तिकर्	5	2	0.8571428571428572	0.8571428571428572	0.0	आपूर्तिकर्ता	आपूर्तिकर्ताओं	STRONG	आपूर्तिकर्ता:3, आपूर्तिकर्ताओं:2
71व	5	2	0.8	0.8	0.0	71वें	71वीं	STRONG	71वें:3, 71वीं:2
यात	5	2	0.7142857142857143	0.7142857142857143	0.0	यातना	यातनाएं	STRONG	यातना:3, यातनाएं:2
बढे़ग	5	2	0.8333333333333334	0.8333333333333334	0.0	बढे़गी	बढे़गा	STRONG	बढे़गी:3, बढे़गा:2
20व	5	2	0.8	0.8	0.0	20वें	20वीं	STRONG	20वीं:3, 20वें:2
छत्	5	2	0.8	0.8	0.0	छत्ता	छत्ते	STRONG	छत्ता:3, छत्ते:2
खंदार	5	2	0.8333333333333334	0.8333333333333334	0.0	खंदारी	खंदारे	STRONG	खंदारे:3, खंदारी:2
बेद	5	2	0.75	0.75	0.0	बेदी	बेदा	STRONG	बेदी:3, बेदा:2
बूर	5	2	0.75	0.75	0.0	बूरा	बूरे	STRONG	बूरा:3, बूरे:2
टप्पेबाज	5	2	0.8	0.8	0.0	टप्पेबाजी	टप्पेबाजों	STRONG	टप्पेबाजी:3, टप्पेबाजों:2
फरस	5	2	0.75	0.75	0.0	फरसा	फरसे	STRONG	फरसा:3, फरसे:2
94व	5	2	0.8	0.8	0.0	94वें	94वां	STRONG	94वें:3, 94वां:2
डाकख	5	2	0.8571428571428572	0.8571428571428572	0.0	डाकखाने	डाकखाना	STRONG	डाकखाने:3, डाकखाना:2
मिंट	5	2	0.8	0.8	0.0	मिंटो	मिंटू	STRONG	मिंटू:3, मिंटो:2
भ्रांत	5	2	0.9	0.9	0.0	भ्रांतियां	भ्रांतियों	STRONG	भ्रांतियों:3, भ्रांतियां:2
इसक	6308	4	0.75	0.75	0.18735806207418623	इसके	इसका	GOOD	इसके:4208, इसका:1116, इसकी:892, इसको:92
ले	6076	8	0.5910714285714286	0.4	0.1254368932038835	लेने	लेकर	GOOD	लेकर:4497, लेने:835, लेते:317, लेना:266, लेता:69, लेती:54, लेनी:35, लेतीं:3
ऐस	3554	3	0.6666666666666666	0.6666666666666667	0.17811550151975683	ऐसे	ऐसा	GOOD	ऐसे:1852, ऐसा:1043, ऐसी:659
महिल	2931	3	0.7619047619047619	0.7142857142857143	0.16105769230769232	महिला	महिलाओं	GOOD	महिला:2201, महिलाओं:567, महिलाएं:163
वह	2728	4	0.625	0.5	0.10752688172043011	वहीं	वहां	GOOD	वहीं:1645, वहां:866, वही:214, वहाँ:3
दूसर	2272	4	0.7333333333333334	0.6666666666666667	0.12170212765957447	दूसरे	दूसरी	GOOD	दूसरे:1103, दूसरी:830, दूसरा:283, दूसरों:56
यह	1916	5	0.6416666666666667	0.5	0.11425873465533522	यहां	यही	GOOD	यहां:1252, यही:561, यहीं:89, यहाँ:9, यहा:5
जान	1666	11	0.611948051948052	0.4285714285714286	0.10040983606557377	जानिए	जानें	GOOD	जानें:714, जानिए:443, जानते:328, जानने:60, जानना:45, जानकर:33, जानता:23, जानेंगे:10, जानती:5, जाननी:3
सूच	1411	6	0.582857142857143	0.4285714285714286	0.06060606060606061	सूचनाओं	सूचनाएं	GOOD	सूचना:792, सूची:555, सूचियों:23, सूचनाएं:20, सूचनाओं:19, सूचियां:2
फैसल	1400	3	0.7111111111111112	0.6666666666666667	0.18352601156069365	फैसले	फैसला	GOOD	फैसला:771, फैसले:498, फैसलों:131
आय	1382	5	0.6	0.5	0.0075675675675675675	आया	आयु	GOOD	आया:1211, आयु:118, आयकर:41, आये:6, आयी:6
योज	1336	3	0.7619047619047619	0.7142857142857143	0.11992945326278659	योजनाओं	योजना	GOOD	योजना:997, योजनाओं:293, योजनाएं:46
भाजप	1297	2	0.5555555555555556	0.5555555555555556	0.004962779156327543	भाजपा	भाजपाइयों	GOOD	भाजपा:1293, भाजपाइयों:4
युव	1244	4	0.6361111111111112	0.5	0.13766233766233765	युवा	युवाओं	GOOD	युवाओं:422, युवा:418, युवती:399, युवी:5
परीक्ष	1244	3	0.8148148148148149	0.7777777777777778	0.19117647058823528	परीक्षाओं	परीक्षाएं	GOOD	परीक्षा:1070, परीक्षाओं:130, परीक्षाएं:44
छात्र	1219	4	0.7648809523809524	0.7142857142857143	0.11538461538461539	छात्राओं	छात्राएं	GOOD	छात्रों:762, छात्रा:299, छात्राओं:117, छात्राएं:41
प्रक्रिय	1216	3	0.8484848484848485	0.8181818181818181	0.12195121951219512	प्रक्रियाओं	प्रक्रियाएं	GOOD	प्रक्रिया:1161, प्रक्रियाओं:42, प्रक्रियाएं:13
अच्छ	1157	5	0.7233333333333334	0.6666666666666667	0.13948919449901767	अच्छी	अच्छा	GOOD	अच्छी:526, अच्छा:395, अच्छे:225, अच्छाई:9, अच्छों:2
था	1101	2	0.75	0.75	0.16758747697974216	थाना	थाने	GOOD	थाना:746, थाने:355
दाव	1004	4	0.6916666666666668	0.6	0.1282051282051282	दावे	दावों	GOOD	दावा:761, दावे:143, दावों:98, दावें:2
तैयार	1000	4	0.7037037037037037	0.5555555555555556	0.11428571428571428	तैयारियों	तैयारियां	GOOD	तैयारी:776, तैयारियों:115, तैयारियां:107, तैयारियाँ:2
पत्	985	4	0.7333333333333334	0.6	0.12	पत्ते	पत्ता	GOOD	पत्नी:930, पत्ता:27, पत्ते:15, पत्ती:13
आत	872	4	0.625	0.5	0.07710843373493977	आती	आता	GOOD	आते:324, आता:318, आती:228, आतीं:2
बि	861	3	0.638888888888889	0.5	0.0017391304347826088	बिना	बिता	GOOD	बिना:849, बिता:9, बिताएं:3
नय	846	4	0.625	0.5	0.0625	नये	नयी	GOOD	नया:822, नयी:10, नये:9, नयना:5
कर्मचार	821	2	0.6363636363636364	0.6363636363636364	0.18654434250764526	कर्मचारी	कर्मचारियों	GOOD	कर्मचारियों:449, कर्मचारी:372
जर	792	3	0.5555555555555556	0.5	0.0051635111876075735	जरिए	जरा	GOOD	जरिए:750, जरा:38, जरी:4
कित	790	3	0.8000000000000002	0.8	0.11917098445595854	कितना	कितनी	GOOD	कितना:301, कितनी:297, कितने:192
सुविध	782	3	0.7916666666666666	0.75	0.14798206278026907	सुविधाएं	सुविधाओं	GOOD	सुविधा:415, सुविधाओं:195, सुविधाएं:172
प्रत	760	2	0.625	0.625	0.0	प्रति	प्रतियां	GOOD	प्रति:755, प्रतियां:5
सह	733	5	0.6416666666666667	0.5	0.004405286343612335	सही	सहनी	GOOD	सही:710, सहनी:12, सहने:5, सहा:4, सहना:2
नौकर	716	3	0.625	0.5	0.06521739130434782	नौकरियां	नौकरियों	GOOD	नौकरी:609, नौकरियां:77, नौकरियों:30
रास्	708	2	0.8333333333333334	0.8333333333333334	0.11135371179039301	रास्ता	रास्ते	GOOD	रास्ते:380, रास्ता:328
रोक	704	14	0.6275248560962847	0.4285714285714286	0.10714285714285714	रोके	रोका	GOOD	रोकने:322, रोका:142, रोकना:69, रोके:60, रोककर:59, रोकी:24, रोकता:7, रोकेंगे:6, रोकें:4, रोकते:3
समस्य	700	3	0.7916666666666666	0.75	0.12021857923497267	समस्याएं	समस्याओं	GOOD	समस्या:435, समस्याओं:166, समस्याएं:99
शाद	698	3	0.5714285714285715	0.4285714285714286	0.0625	शादियां	शादियों	GOOD	शादी:679, शादियां:10, शादियों:9
मुकाबल	676	3	0.7857142857142857	0.75	0.17559523809523808	मुकाबले	मुकाबला	GOOD	मुकाबले:366, मुकाबला:253, मुकाबलों:57
खुल	667	13	0.6076617826617826	0.4285714285714286	0.0625	खुलती	खुलते	GOOD	खुला:173, खुले:139, खुलकर:92, खुली:75, खुलेगा:55, खुलने:52, खुलेंगे:31, खुलते:13, खुलेगी:12, खुलता:9
निवास	650	2	0.5555555555555556	0.5555555555555556	0.021176470588235293	निवासी	निवासियों	GOOD	निवासी:597, निवासियों:53
हमार	615	3	0.8000000000000002	0.8	0.17204301075268819	हमारे	हमारी	GOOD	हमारे:286, हमारी:203, हमारा:126
गोल	612	7	0.6006802721088436	0.4285714285714286	0.17073170731707318	गोली	गोलियां	GOOD	गोली:425, गोलियां:95, गोला:55, गोलियों:29, गोले:3, गोलू:3, गोलों:2
कैमर	610	3	0.7111111111111112	0.6666666666666667	0.15151515151515152	कैमरों	कैमरे	GOOD	कैमरा:291, कैमरे:213, कैमरों:106
तीसर	599	3	0.8000000000000002	0.8	0.1308016877637131	तीसरा	तीसरे	GOOD	तीसरे:294, तीसरी:160, तीसरा:145
मुद्द	590	3	0.753968253968254	0.7142857142857143	0.1796875	मुद्दे	मुद्दों	GOOD	मुद्दे:234, मुद्दा:183, मुद्दों:173
डिग्र	547	2	0.5555555555555556	0.5555555555555556	0.011976047904191617	डिग्री	डिग्रियां	GOOD	डिग्री:544, डिग्रियां:3
महंग	523	4	0.7611111111111112	0.6666666666666667	0.1590909090909091	महंगे	महंगा	GOOD	महंगाई:195, महंगे:131, महंगा:106, महंगी:91
विपक्ष	491	2	0.6	0.6	0.005208333333333333	विपक्षी	विपक्षियों	GOOD	विपक्षी:486, विपक्षियों:5
याचिक	467	3	0.7916666666666666	0.75	0.12222222222222222	याचिका	याचिकाओं	GOOD	याचिका:397, याचिकाओं:53, याचिकाएं:17
खतर	456	3	0.65	0.6	0.11450381679389313	खतरा	खतरे	GOOD	खतरा:288, खतरे:127, खतरों:41
कड़	446	6	0.5880952380952381	0.4285714285714286	0.06716417910447761	कड़े	कड़ा	GOOD	कड़ी:248, कड़े:89, कड़ा:80, कड़ाई:11, कड़ियां:11, कड़ियों:7
सो	434	7	0.6071428571428571	0.5	0.18548387096774194	सोने	सोना	GOOD	सोने:241, सोना:134, सोनी:35, सोते:16, सोता:3, सोती:3, सोकर:2
थोड़	433	3	0.8000000000000002	0.8	0.1285140562248996	थोड़ी	थोड़ा	GOOD	थोड़ा:253, थोड़ी:148, थोड़े:32
चेहर	427	3	0.7111111111111112	0.6666666666666667	0.14659685863874344	चेहरा	चेहरे	GOOD	चेहरे:236, चेहरा:115, चेहरों:76
जिंदग	408	2	0.5555555555555556	0.5555555555555556	0.004878048780487805	जिंदगी	जिंदगियां	GOOD	जिंदगी:403, जिंदगियां:5
साल	393	5	0.6216666666666667	0.5	0.030303030303030304	सालाना	सालों	GOOD	सालों:175, सालाना:166, साले:30, साली:15, साला:7
एजेंस	387	3	0.6666666666666666	0.5555555555555556	0.11214953271028037	एजेंसियों	एजेंसियां	GOOD	एजेंसी:213, एजेंसियों:141, एजेंसियां:33
निज	373	2	0.6	0.6	0.003968253968253968	निजी	निजता	GOOD	निजी:369, निजता:4
नीत	355	4	0.6011904761904762	0.4285714285714286	0.06382978723404255	नीतियों	नीतियां	GOOD	नीति:258, नीतियों:53, नीतू:31, नीतियां:13
लड़क	355	6	0.6516666666666667	0.5	0.16981132075471697	लड़का	लड़के	GOOD	लड़की:163, लड़कियों:72, लड़के:54, लड़का:24, लड़कियां:23, लड़कों:19
प्रभार	351	2	0.6	0.6	0.01904761904761905	प्रभारी	प्रभारियों	GOOD	प्रभारी:335, प्रभारियों:16
देव	350	6	0.5585714285714285	0.4285714285714286	0.058823529411764705	देवी	देवताओं	GOOD	देवी:319, देवताओं:13, देवता:12, देवियों:2, देवा:2, देवकर:2
चुनाव	348	2	0.7142857142857143	0.7142857142857143	0.16230366492146597	चुनावों	चुनावी	GOOD	चुनावी:220, चुनावों:128
रिश्	328	2	0.8333333333333334	0.8333333333333334	0.13440860215053763	रिश्ते	रिश्ता	GOOD	रिश्ते:217, रिश्ता:111
समझौ	327	2	0.8333333333333334	0.8333333333333334	0.18421052631578946	समझौते	समझौता	GOOD	समझौते:169, समझौता:158
संपत्त	326	3	0.7666666666666666	0.7	0.19230769230769232	संपत्तियों	संपत्तियां	GOOD	संपत्ति:263, संपत्तियों:39, संपत्तियां:24
परियोज	311	3	0.8333333333333334	0.8	0.11538461538461539	परियोजनाओं	परियोजनाएं	GOOD	परियोजना:217, परियोजनाओं:68, परियोजनाएं:26
पुलिसकर्म	304	2	0.6923076923076923	0.6923076923076923	0.174496644295302	पुलिसकर्मी	पुलिसकर्मियों	GOOD	पुलिसकर्मियों:168, पुलिसकर्मी:136
शहर	301	3	0.580952380952381	0.4285714285714286	0.06875	शहरों	शहरी	GOOD	शहरों:204, शहरी:95, शहरियों:2
बीमार	300	4	0.6574074074074074	0.5555555555555556	0.16153846153846155	बीमारी	बीमारियों	GOOD	बीमारी:183, बीमारियों:83, बीमारियां:31, बीमारू:3
पार	299	6	0.5652380952380953	0.4285714285714286	0.12359550561797752	पारियों	पारी	GOOD	पारी:204, पारा:52, पारियों:23, पारियां:12, पारकर:5, पारे:3
पाय	299	3	0.638888888888889	0.5	0.00411522633744856	पाया	पायी	GOOD	पाया:294, पायी:3, पायेगी:2
गिरफ्तार	297	4	0.7453703703703703	0.6666666666666667	0.14285714285714285	गिरफ्तारियों	गिरफ्तारियां	GOOD	गिरफ्तारी:286, गिरफ्तारियों:4, गिरफ्तारियां:4, गिरफ्तारे:3
विद्यार्थ	296	2	0.6923076923076923	0.6923076923076923	0.14285714285714285	विद्यार्थी	विद्यार्थियों	GOOD	विद्यार्थियों:229, विद्यार्थी:67
किर	275	4	0.7222222222222223	0.6666666666666667	0.17894736842105263	किराए	किराया	GOOD	किराया:132, किराए:131, किराना:10, किराने:2
खुश	275	3	0.5714285714285715	0.4285714285714286	0.06	खुशियां	खुशियों	GOOD	खुशी:193, खुशियां:44, खुशियों:38
प्रतियोगि	274	3	0.8717948717948718	0.8461538461538461	0.1016949152542373	प्रतियोगिता	प्रतियोगिताओं	GOOD	प्रतियोगिता:238, प्रतियोगिताओं:30, प्रतियोगिताएं:6
तिथ	272	3	0.6666666666666666	0.5714285714285714	0.125	तिथियों	तिथियां	GOOD	तिथि:247, तिथियों:15, तिथियां:10
प्रेम	267	3	0.6481481481481483	0.5555555555555556	0.02631578947368421	प्रेमी	प्रेमियों	GOOD	प्रेमी:233, प्रेमियों:25, प्रेमा:9
शक्त	266	3	0.7083333333333334	0.625	0.13043478260869565	शक्तियों	शक्तियां	GOOD	शक्ति:233, शक्तियों:21, शक्तियां:12
टिप्पण	256	4	0.7333333333333334	0.6	0.125	टिप्पणियां	टिप्पणियों	GOOD	टिप्पणी:206, टिप्पणियां:24, टिप्पणियों:24, टिप्पणियाँ:2
हाथ	250	3	0.580952380952381	0.4285714285714286	0.06060606060606061	हाथी	हाथियों	GOOD	हाथों:144, हाथी:94, हाथियों:12
कीमत	248	2	0.8333333333333334	0.8333333333333334	0.17054263565891473	कीमतों	कीमतें	GOOD	कीमतों:174, कीमतें:74
नश	239	2	0.6666666666666667	0.6666666666666667	0.12380952380952381	नशा	नशे	GOOD	नशे:184, नशा:55
दोष	230	3	0.580952380952381	0.4285714285714286	0.08333333333333333	दोषी	दोषियों	GOOD	दोषी:170, दोषियों:57, दोषों:3
विद	221	2	0.8	0.8	0.11578947368421053	विदाई	विदा	GOOD	विदाई:187, विदा:34
नतीज	215	3	0.7111111111111112	0.6666666666666667	0.12612612612612611	नतीजे	नतीजों	GOOD	नतीजे:99, नतीजों:63, नतीजा:53
सामग्र	213	3	0.7000000000000001	0.6	0.14285714285714285	सामग्रियां	सामग्रियों	GOOD	सामग्री:204, सामग्रियों:7, सामग्रियां:2
ढांच	211	3	0.7111111111111112	0.6666666666666667	0.11864406779661017	ढांचे	ढांचा	GOOD	ढांचे:143, ढांचा:56, ढांचों:12
मान्य	210	4	0.7724867724867726	0.6666666666666667	0.10091743119266056	मान्यता	मान्यताओं	GOOD	मान्यता:161, मान्यताओं:29, मान्या:12, मान्यताएं:8
परंपर	209	3	0.7916666666666666	0.75	0.12389380530973451	परंपरा	परंपराओं	GOOD	परंपरा:148, परंपराओं:49, परंपराएं:12
भाव	208	5	0.6085714285714285	0.4285714285714286	0.07692307692307693	भावनाओं	भावना	GOOD	भावना:129, भावनाओं:49, भावी:16, भावनाएं:10, भावों:4
सस्	207	3	0.8000000000000002	0.8	0.14285714285714285	सस्ता	सस्ते	GOOD	सस्ते:84, सस्ता:77, सस्ती:46
पक्ष	201	3	0.638888888888889	0.5	0.11764705882352941	पक्षी	पक्षियों	GOOD	पक्षों:166, पक्षी:18, पक्षियों:17
आपत्त	196	3	0.7407407407407408	0.6666666666666667	0.11711711711711711	आपत्तियों	आपत्ति	GOOD	आपत्ति:146, आपत्तियों:37, आपत्तियां:13
शिकायत	188	2	0.875	0.875	0.1891891891891892	शिकायतों	शिकायतें	GOOD	शिकायतें:95, शिकायतों:93
ऑस्ट्रेलिय	180	2	0.9166666666666666	0.9166666666666666	0.13114754098360656	ऑस्ट्रेलियाई	ऑस्ट्रेलिया	GOOD	ऑस्ट्रेलिया:159, ऑस्ट्रेलियाई:21
व्यापार	177	2	0.6363636363636364	0.6363636363636364	0.14473684210526316	व्यापारी	व्यापारियों	GOOD	व्यापारियों:93, व्यापारी:84
बध	172	3	0.5714285714285715	0.4285714285714286	0.010309278350515464	बधाई	बधाइयों	GOOD	बधाई:166, बधाइयां:4, बधाइयों:2
नाल	170	6	0.5938095238095238	0.4285714285714286	0.125	नालों	नालियों	GOOD	नाले:92, नाली:39, नाला:16, नालों:14, नालियों:7, नालियां:2
फंद	170	2	0.75	0.75	0.10666666666666667	फंदे	फंदा	GOOD	फंदे:124, फंदा:46
सिपाह	165	2	0.5555555555555556	0.5555555555555556	0.12727272727272726	सिपाही	सिपाहियों	GOOD	सिपाही:126, सिपाहियों:39
फ्र	163	2	0.6	0.6	0.010638297872340425	फ्री	फ्राई	GOOD	फ्री:152, फ्राई:11
गर्म	161	4	0.618452380952381	0.5	0.02564102564102564	गर्मी	गर्मियों	GOOD	गर्मी:135, गर्मियों:19, गर्मा:4, गर्माया:3
अपराध	159	3	0.6825396825396824	0.5555555555555556	0.15873015873015872	अपराधियों	अपराधी	GOOD	अपराधियों:86, अपराधी:44, अपराधों:29
जुर्म	158	2	0.875	0.875	0.11627906976744186	जुर्माना	जुर्माने	GOOD	जुर्माना:138, जुर्माने:20
चौराह	157	3	0.753968253968254	0.7142857142857143	0.17647058823529413	चौराहे	चौराहा	GOOD	चौराहे:81, चौराहा:57, चौराहों:19
सी	157	5	0.6	0.5	0.047619047619047616	सीने	सीना	GOOD	सीने:63, सीता:43, सीकर:41, सीना:8, सीनी:2
हिंद	157	2	0.5714285714285714	0.5714285714285714	0.012987012987012988	हिंदू	हिंदुओं	GOOD	हिंदू:153, हिंदुओं:4
ताल	157	6	0.5938095238095238	0.4285714285714286	0.16666666666666666	ताले	तालों	GOOD	ताला:87, ताले:23, तालियां:21, तालियों:14, ताली:10, तालों:2
पड़ोस	146	2	0.5555555555555556	0.5555555555555556	0.043478260869565216	पड़ोसी	पड़ोसियों	GOOD	पड़ोसी:113, पड़ोसियों:33
छुट्ट	146	4	0.6759259259259259	0.5555555555555556	0.11764705882352941	छुट्टियों	छुट्टियां	GOOD	छुट्टी:116, छुट्टियों:19, छुट्टियां:8, छुट्टा:3
बल्लेबाज	143	2	0.8	0.8	0.16	बल्लेबाजी	बल्लेबाजों	GOOD	बल्लेबाजी:86, बल्लेबाजों:57
दुर्घट	143	3	0.8333333333333334	0.8	0.15	दुर्घटनाओं	दुर्घटनाएं	GOOD	दुर्घटना:109, दुर्घटनाओं:28, दुर्घटनाएं:6
दुकान	143	2	0.8571428571428572	0.8571428571428572	0.10588235294117647	दुकानें	दुकानों	GOOD	दुकानों:91, दुकानें:52
तिमाह	139	2	0.5555555555555556	0.5555555555555556	0.058823529411764705	तिमाहियों	तिमाही	GOOD	तिमाही:136, तिमाहियों:3
पुतल	138	3	0.7111111111111112	0.6666666666666667	0.1875	पुतलों	पुतले	GOOD	पुतला:82, पुतले:48, पुतलों:8
रोज	131	3	0.6444444444444445	0.5	0.0	रोजी	रोजना	GOOD	रोजाना:116, रोजी:13, रोजना:2
अड्ड	131	3	0.7111111111111112	0.6666666666666667	0.1111111111111111	अड्डे	अड्डा	GOOD	अड्डे:76, अड्डा:48, अड्डों:7
मुआवज	131	2	0.8333333333333334	0.8333333333333334	0.1746031746031746	मुआवजे	मुआवजा	GOOD	मुआवजा:93, मुआवजे:38
ठंड	126	3	0.75	0.75	0.12280701754385964	ठंडा	ठंडी	GOOD	ठंडा:54, ठंडी:45, ठंडे:27
पीढ़	123	3	0.625	0.5	0.0945945945945946	पीढ़ी	पीढ़ियों	GOOD	पीढ़ी:91, पीढ़ियों:29, पीढ़ियां:3
चोट	123	5	0.6142857142857143	0.4285714285714286	0.047619047619047616	चोटियां	चोटियों	GOOD	चोटें:53, चोटियों:34, चोटों:17, चोटी:13, चोटियां:6
रिह	122	3	0.7111111111111112	0.6666666666666667	0.17543859649122806	रिहा	रिहाई	GOOD	रिहाई:62, रिहा:56, रिहाना:4
तीख	120	3	0.75	0.75	0.12	तीखा	तीखे	GOOD	तीखी:51, तीखा:45, तीखे:24
विरोध	119	2	0.5555555555555556	0.5555555555555556	0.034482758620689655	विरोधियों	विरोधी	GOOD	विरोधी:88, विरोधियों:31
जात	118	3	0.6666666666666666	0.5714285714285714	0.125	जातियां	जातियों	GOOD	जाति:104, जातियों:11, जातियां:3
शर्त	118	2	0.8333333333333334	0.8333333333333334	0.10126582278481013	शर्तों	शर्तें	GOOD	शर्तों:69, शर्तें:49
वाद	117	5	0.605	0.4285714285714286	0.08823529411764706	वादों	वादे	GOOD	वादा:56, वादे:25, वादों:18, वादी:10, वादियों:8
याचिकाकर्	117	2	0.8461538461538461	0.8461538461538461	0.17307692307692307	याचिकाकर्ताओं	याचिकाकर्ता	GOOD	याचिकाकर्ता:76, याचिकाकर्ताओं:41
पलट	113	10	0.6185185185185185	0.5	0.09090909090909091	पलटी	पलटते	GOOD	पलटा:39, पलटी:25, पलटने:23, पलटकर:6, पलटते:6, पलटे:4, पलटेगा:4, पलटू:2, पलटाकर:2, पलटीं:2
भक्त	112	2	0.6666666666666667	0.6666666666666667	0.10606060606060606	भक्ति	भक्तों	GOOD	भक्तों:58, भक्ति:54
दशहर	112	2	0.8	0.8	0.18	दशहरा	दशहरे	GOOD	दशहरा:91, दशहरे:21
पश	109	2	0.6	0.6	0.1111111111111111	पशुओं	पशु	GOOD	पशु:66, पशुओं:43
देस	108	2	0.6	0.6	0.0	देसी	देसाई	GOOD	देसी:101, देसाई:7
फसल	104	2	0.8	0.8	0.14035087719298245	फसलों	फसलें	GOOD	फसलों:73, फसलें:31
प्रतिभ	104	3	0.8148148148148149	0.7777777777777778	0.125	प्रतिभाओं	प्रतिभाएं	GOOD	प्रतिभा:90, प्रतिभाओं:12, प्रतिभाएं:2
स्वाम	103	2	0.5555555555555556	0.5555555555555556	0.0	स्वामी	स्वामियों	GOOD	स्वामी:101, स्वामियों:2
बरत	102	8	0.6210884353741496	0.4285714285714286	0.08333333333333333	बरतें	बरतनी	GOOD	बरतने:53, बरतें:18, बरतनी:14, बरतेगा:4, बरतते:4, बरतेंगे:3, बरतना:3, बरतती:3
बनव	102	8	0.7166666666666668	0.6666666666666667	0.14285714285714285	बनवाने	बनवा	GOOD	बनवाने:42, बनवाया:14, बनवाए:13, बनवाना:12, बनवा:12, बनवाते:4, बनवाई:3, बनवाता:2
अफ्रीक	101	2	0.8571428571428572	0.8571428571428572	0.11764705882352941	अफ्रीका	अफ्रीकी	GOOD	अफ्रीका:77, अफ्रीकी:24
बहन	101	2	0.8	0.8	0.14893617021276595	बहनों	बहनें	GOOD	बहनों:76, बहनें:25
इजरायल	99	2	0.6	0.6	0.02564102564102564	इजरायली	इजरायलियों	GOOD	इजरायली:97, इजरायलियों:2
कुत्	99	2	0.8333333333333334	0.8333333333333334	0.13513513513513514	कुत्ता	कुत्ते	GOOD	कुत्ते:82, कुत्ता:17
अनोख	97	3	0.8000000000000002	0.8	0.11764705882352941	अनोखे	अनोखी	GOOD	अनोखा:47, अनोखे:25, अनोखी:25
साड़	96	3	0.625	0.5	0.05555555555555555	साड़ी	साड़ियां	GOOD	साड़ी:87, साड़ियां:6, साड़ियों:3
मुर्म	95	2	0.8333333333333334	0.8333333333333334	0.1111111111111111	मुर्मु	मुर्मू	GOOD	मुर्मू:64, मुर्मु:31
बांग्लादेश	94	2	0.7142857142857143	0.7142857142857143	0.17142857142857143	बांग्लादेशी	बांग्लादेशियों	GOOD	बांग्लादेशी:77, बांग्लादेशियों:17
सर्द	92	3	0.625	0.5	0.14285714285714285	सर्दियों	सर्दियां	GOOD	सर्दियों:59, सर्दी:28, सर्दियां:5
नजार	92	3	0.7111111111111112	0.6666666666666667	0.14285714285714285	नजारे	नजारों	GOOD	नजारा:68, नजारे:16, नजारों:8
वंद	89	2	0.6	0.6	0.0	वंदे	वंदना	GOOD	वंदे:74, वंदना:15
अतिथ	89	2	0.625	0.625	0.03508771929824561	अतिथि	अतिथियों	GOOD	अतिथि:78, अतिथियों:11
मुनाफ	88	2	0.8333333333333334	0.8333333333333334	0.11538461538461539	मुनाफे	मुनाफा	GOOD	मुनाफा:49, मुनाफे:39
आदिवास	87	2	0.6	0.6	0.09302325581395349	आदिवासी	आदिवासियों	GOOD	आदिवासी:76, आदिवासियों:11
अधूर	83	3	0.8000000000000002	0.8	0.1282051282051282	अधूरा	अधूरे	GOOD	अधूरे:31, अधूरा:30, अधूरी:22
माय	82	2	0.6	0.6	0.0	मायने	माया	GOOD	मायने:57, माया:25
पंचायत	82	2	0.875	0.875	0.12121212121212122	पंचायतों	पंचायतें	GOOD	पंचायतों:74, पंचायतें:8
मालिक	81	2	0.625	0.625	0.05405405405405406	मालिकाना	मालिकों	GOOD	मालिकों:46, मालिकाना:35
डंड	80	4	0.6749999999999999	0.6	0.1111111111111111	डंडे	डंडों	GOOD	डंडे:40, डंडों:29, डंडा:9, डंडी:2
आंवल	79	2	0.8	0.8	0.12	आंवला	आंवले	GOOD	आंवला:59, आंवले:20
लाठ	79	3	0.5714285714285715	0.4285714285714286	0.1	लाठियों	लाठियां	GOOD	लाठी:62, लाठियां:9, लाठियों:8
चयनकर्	78	2	0.8	0.8	0.16279069767441862	चयनकर्ताओं	चयनकर्ता	GOOD	चयनकर्ताओं:42, चयनकर्ता:36
लीज	78	2	0.6	0.6	0.0	लीजिए	लीजे	GOOD	लीजिए:73, लीजे:5
पॉलिस	77	2	0.5555555555555556	0.5555555555555556	0.0	पॉलिसी	पॉलिसियां	GOOD	पॉलिसी:75, पॉलिसियां:2
अंड	77	3	0.65	0.6	0.14285714285714285	अंडा	अंडे	GOOD	अंडे:54, अंडा:15, अंडों:8
लकड़	76	3	0.625	0.5	0.024390243902439025	लकड़ी	लकड़ियां	GOOD	लकड़ी:69, लकड़ियों:5, लकड़ियां:2
घोटाल	76	2	0.8333333333333334	0.8333333333333334	0.15	घोटाले	घोटाला	GOOD	घोटाले:45, घोटाला:31
8व	75	3	0.75	0.75	0.1875	8वां	8वें	GOOD	8वें:47, 8वीं:20, 8वां:8
अनियमित	72	3	0.8484848484848485	0.8181818181818181	0.1111111111111111	अनियमितताएं	अनियमितताओं	GOOD	अनियमितताओं:45, अनियमितता:23, अनियमितताएं:4
बिहार	71	2	0.5555555555555556	0.5555555555555556	0.0	बिहारी	बिहारियों	GOOD	बिहारी:69, बिहारियों:2
पटवार	70	2	0.5555555555555556	0.5555555555555556	0.06060606060606061	पटवारी	पटवारियों	GOOD	पटवारी:59, पटवारियों:11
उंगल	69	3	0.625	0.5	0.2	उंगलियों	उंगलियां	GOOD	उंगली:50, उंगलियों:11, उंगलियां:8
जाल	69	4	0.5619047619047619	0.4285714285714286	0.0	जालों	जालियां	GOOD	जाली:63, जालना:2, जालों:2, जालियां:2
कोयल	69	2	0.8	0.8	0.12	कोयला	कोयले	GOOD	कोयला:55, कोयले:14
सन	67	4	0.5666666666666668	0.4	0.0	सने	सनाया	GOOD	सनी:49, सना:12, सने:4, सनाया:2
सितार	67	3	0.753968253968254	0.7142857142857143	0.17142857142857143	सितारों	सितारे	GOOD	सितारों:29, सितारे:24, सितारा:14
गवाह	66	2	0.6666666666666667	0.6666666666666667	0.2	गवाहों	गवाही	GOOD	गवाही:42, गवाहों:24
लड़ाक	64	3	0.753968253968254	0.7142857142857143	0.18181818181818182	लड़ाके	लड़ाकों	GOOD	लड़ाकू:48, लड़ाकों:13, लड़ाके:3
दाखिल	64	3	0.753968253968254	0.7142857142857143	0.14285714285714285	दाखिले	दाखिला	GOOD	दाखिले:35, दाखिला:26, दाखिलों:3
सीढ़	64	3	0.625	0.5	0.06896551724137931	सीढ़ियों	सीढ़ियां	GOOD	सीढ़ियों:41, सीढ़ियां:12, सीढ़ी:11
सिक्क	63	3	0.753968253968254	0.7142857142857143	0.14285714285714285	सिक्कों	सिक्के	GOOD	सिक्के:30, सिक्का:18, सिक्कों:15
नजदीक	62	3	0.6666666666666666	0.5555555555555556	0.14285714285714285	नजदीकियां	नजदीकियों	GOOD	नजदीकी:45, नजदीकियां:12, नजदीकियों:5
मशीन	61	2	0.8333333333333334	0.8333333333333334	0.16216216216216217	मशीनें	मशीनों	GOOD	मशीनों:32, मशीनें:29
पटाख	61	3	0.7111111111111112	0.6666666666666667	0.14285714285714285	पटाखे	पटाखों	GOOD	पटाखे:26, पटाखा:26, पटाखों:9
मलब	60	2	0.75	0.75	0.11428571428571428	मलबे	मलबा	GOOD	मलबे:38, मलबा:22
नशील	57	3	0.8000000000000002	0.8	0.11764705882352941	नशीला	नशीली	GOOD	नशीले:22, नशीली:19, नशीला:16
प्रतिस्पर्ध	55	3	0.7944444444444444	0.7333333333333334	0.125	प्रतिस्पर्धी	प्रतिस्पर्धियों	GOOD	प्रतिस्पर्धा:44, प्रतिस्पर्धी:8, प्रतिस्पर्धियों:3
पंजाब	55	2	0.5555555555555556	0.5555555555555556	0.07142857142857142	पंजाबी	पंजाबियों	GOOD	पंजाबी:37, पंजाबियों:18
खूब	55	3	0.5714285714285715	0.4285714285714286	0.08695652173913043	खूबियां	खूबियों	GOOD	खूबियां:31, खूबी:16, खूबियों:8
मीठ	53	3	0.75	0.75	0.13793103448275862	मीठा	मीठे	GOOD	मीठा:25, मीठे:20, मीठी:8
गरीब	53	2	0.6666666666666667	0.6666666666666667	0.15625	गरीबों	गरीबी	GOOD	गरीबी:32, गरीबों:21
सोसाइट	52	2	0.6	0.6	0.03571428571428571	सोसाइटी	सोसाइटियों	GOOD	सोसाइटी:46, सोसाइटियों:6
सट	51	4	0.5666666666666668	0.4	0.0	सटे	सटी	GOOD	सटे:35, सटी:8, सटाकर:6, सटा:2
बालिक	50	3	0.7916666666666666	0.75	0.1111111111111111	बालिकाओं	बालिकाएं	GOOD	बालिका:34, बालिकाओं:12, बालिकाएं:4
दाग	50	7	0.65	0.6	0.2	दागने	दागी	GOOD	दागा:19, दागे:13, दागकर:5, दागी:5, दागीं:3, दागने:3, दागों:2
मौत	49	2	0.8	0.8	0.14814814814814814	मौतों	मौतें	GOOD	मौतों:39, मौतें:10
चुर	48	8	0.6613095238095239	0.5	0.14285714285714285	चुराकर	चुराने	GOOD	चुरा:15, चुराने:7, चुराया:6, चुराई:6, चुराए:5, चुराकर:4, चुरू:3, चुराते:2
फर्जीवाड़	48	2	0.9	0.9	0.17857142857142858	फर्जीवाड़े	फर्जीवाड़ा	GOOD	फर्जीवाड़ा:30, फर्जीवाड़े:18
प्रवास	48	2	0.6	0.6	0.043478260869565216	प्रवासी	प्रवासियों	GOOD	प्रवासी:34, प्रवासियों:14
कहान	48	2	0.875	0.875	0.10714285714285714	कहानियां	कहानियों	GOOD	कहानियां:30, कहानियों:18
जन्म	47	5	0.7566666666666667	0.6666666666666667	0.17391304347826086	जन्मी	जन्मे	GOOD	जन्मे:26, जन्मी:14, जन्में:3, जन्मीं:2, जन्मा:2
अपेक्ष	45	3	0.8148148148148149	0.7777777777777778	0.11764705882352941	अपेक्षाओं	अपेक्षाएं	GOOD	अपेक्षा:24, अपेक्षाओं:12, अपेक्षाएं:9
प्रजात	44	4	0.7833333333333333	0.7	0.14285714285714285	प्रजातियां	प्रजातियाँ	GOOD	प्रजाति:21, प्रजातियों:11, प्रजातियां:10, प्रजातियाँ:2
फाइल	44	2	0.8333333333333334	0.8333333333333334	0.12903225806451613	फाइलों	फाइलें	GOOD	फाइलों:24, फाइलें:20
आतंकवाद	42	2	0.6363636363636364	0.6363636363636364	0.07142857142857142	आतंकवादियों	आतंकवादी	GOOD	आतंकवादी:27, आतंकवादियों:15
सहकर्म	41	2	0.6	0.6	0.13333333333333333	सहकर्मियों	सहकर्मी	GOOD	सहकर्मियों:29, सहकर्मी:12
मालगाड़	40	2	0.6363636363636364	0.6363636363636364	0.0	मालगाड़ी	मालगाड़ियों	GOOD	मालगाड़ी:29, मालगाड़ियों:11
खाम	40	3	0.5714285714285715	0.4285714285714286	0.047619047619047616	खामी	खामियां	GOOD	खामी:20, खामियां:11, खामियों:9
केस	40	2	0.6	0.6	0.0	केसी	केसों	GOOD	केसी:37, केसों:3
सोसायट	40	2	0.6	0.6	0.0	सोसायटी	सोसायटियों	GOOD	सोसायटी:38, सोसायटियों:2
चूह	39	3	0.65	0.6	0.2	चूहा	चूहे	GOOD	चूहा:18, चूहे:12, चूहों:9
मजबूर	39	2	0.5555555555555556	0.5555555555555556	0.0	मजबूरी	मजबूरियां	GOOD	मजबूरी:37, मजबूरियां:2
छू	39	6	0.6	0.5	0.14285714285714285	छूता	छूकर	GOOD	छूने:18, छूकर:7, छूते:4, छूना:4, छूता:4, छूती:2
पुजार	39	3	0.6481481481481483	0.5555555555555556	0.058823529411764705	पुजारी	पुजारियों	GOOD	पुजारी:27, पुजारियों:7, पुजारा:5
घरवाल	38	2	0.7142857142857143	0.7142857142857143	0.10344827586206896	घरवालों	घरवाले	GOOD	घरवालों:26, घरवाले:12
महत्वाकांक्ष	38	4	0.864957264957265	0.8	0.15384615384615385	महत्वाकांक्षा	महत्वाकांक्षाओं	GOOD	महत्वाकांक्षा:21, महत्वाकांक्षी:11, महत्वाकांक्षाओं:4, महत्वाकांक्षाएं:2
विशेष	38	4	0.7116402116402116	0.5555555555555556	0.14285714285714285	विशेषताओं	विशेषताएं	GOOD	विशेषकर:19, विशेषता:10, विशेषताओं:6, विशेषताएं:3
हन	38	3	0.5555555555555556	0.4	0.0	हनु	हनोगी	GOOD	हनी:33, हनु:3, हनोगी:2
पल	37	4	0.5833333333333334	0.5	0.0	पलों	पले	GOOD	पलों:25, पले:8, पली:2, पला:2
शोधकर्	37	2	0.8	0.8	0.13636363636363635	शोधकर्ताओं	शोधकर्ता	GOOD	शोधकर्ताओं:25, शोधकर्ता:12
प्रस्तुत	37	3	0.8055555555555555	0.75	0.125	प्रस्तुतियां	प्रस्तुति	GOOD	प्रस्तुति:23, प्रस्तुतियों:8, प्रस्तुतियां:6
माओवाद	37	2	0.6	0.6	0.18181818181818182	माओवादी	माओवादियों	GOOD	माओवादी:27, माओवादियों:10
खो	36	5	0.575	0.5	0.058823529411764705	खोता	खोने	GOOD	खोने:23, खोकर:6, खोना:3, खोती:2, खोता:2
धोख	36	2	0.75	0.75	0.11538461538461539	धोखा	धोखे	GOOD	धोखा:27, धोखे:9
गाय	36	3	0.6666666666666666	0.6	0.16666666666666666	गायों	गायें	GOOD	गायों:19, गाया:12, गायें:5
घोंट	36	4	0.7166666666666668	0.6666666666666667	0.1111111111111111	घोंटकर	घोंटे	GOOD	घोंटकर:21, घोंटा:7, घोंटने:4, घोंटे:4
फर्म	36	2	0.8333333333333334	0.8333333333333334	0.18181818181818182	फर्मों	फर्में	GOOD	फर्मों:24, फर्में:12
चींट	36	3	0.625	0.5	0.16666666666666666	चींटियों	चींटियां	GOOD	चींटियों:20, चींटियां:11, चींटी:5
चटपट	35	3	0.8000000000000002	0.8	0.18181818181818182	चटपटा	चटपटे	GOOD	चटपटी:18, चटपटा:11, चटपटे:6
थाल	35	3	0.5714285714285715	0.4285714285714286	0.0	थाली	थालियां	GOOD	थाली:26, थालियों:7, थालियां:2
जाग	34	9	0.6736111111111112	0.6	0.14285714285714285	जागते	जागता	GOOD	जागते:6, जागा:6, जागती:5, जागता:4, जागने:3, जागी:3, जागे:3, जागकर:2, जागना:2
विद्रोह	34	2	0.6363636363636364	0.6363636363636364	0.058823529411764705	विद्रोहियों	विद्रोही	GOOD	विद्रोहियों:29, विद्रोही:5
तिराह	33	3	0.753968253968254	0.7142857142857143	0.18181818181818182	तिराहे	तिराहा	GOOD	तिराहा:21, तिराहे:10, तिराहों:2
वीर	33	3	0.6	0.6	0.0	वीरों	वीरू	GOOD	वीरता:24, वीरू:6, वीरों:3
बाल्ट	33	2	0.5555555555555556	0.5555555555555556	0.0	बाल्टी	बाल्टियों	GOOD	बाल्टी:29, बाल्टियों:4
अरब	33	2	0.6	0.6	0.0	अरबों	अरबी	GOOD	अरबी:26, अरबों:7
तुम्हार	32	3	0.875	0.875	0.17647058823529413	तुम्हारे	तुम्हारी	GOOD	तुम्हारे:20, तुम्हारी:9, तुम्हारा:3
अदालत	32	2	0.8571428571428572	0.8571428571428572	0.13043478260869565	अदालतों	अदालतें	GOOD	अदालतों:29, अदालतें:3
कारीगर	32	2	0.75	0.75	0.11764705882352941	कारीगरी	कारीगरों	GOOD	कारीगरों:27, कारीगरी:5
तिजोर	31	2	0.5555555555555556	0.5555555555555556	0.125	तिजोरी	तिजोरियां	GOOD	तिजोरी:29, तिजोरियां:2
निपटार	31	2	0.8571428571428572	0.8571428571428572	0.13043478260869565	निपटारा	निपटारे	GOOD	निपटारा:22, निपटारे:9
बाड़	31	4	0.7333333333333334	0.6666666666666667	0.125	बाड़े	बाड़ों	GOOD	बाड़ा:12, बाड़े:9, बाड़ी:7, बाड़ों:3
दलील	30	2	0.8333333333333334	0.8333333333333334	0.125	दलीलें	दलीलों	GOOD	दलीलें:21, दलीलों:9
वक्	30	2	0.7142857142857143	0.7142857142857143	0.125	वक्ताओं	वक्ता	GOOD	वक्ताओं:16, वक्ता:14
ठोक	29	5	0.665	0.6	0.125	ठोके	ठोकने	GOOD	ठोका:9, ठोकी:7, ठोकने:6, ठोककर:4, ठोके:3
सहेल	28	3	0.625	0.5	0.0	सहेली	सहेलियों	GOOD	सहेली:24, सहेलियों:2, सहेलियां:2
चढ़ाव	28	2	0.8333333333333334	0.8333333333333334	0.1111111111111111	चढ़ावे	चढ़ावा	GOOD	चढ़ावा:19, चढ़ावे:9
दरार	27	2	0.8333333333333334	0.8333333333333334	0.15384615384615385	दरारें	दरारों	GOOD	दरारें:19, दरारों:8
गद्द	27	3	0.8000000000000002	0.8	0.16666666666666666	गद्दे	गद्दा	GOOD	गद्दी:18, गद्दे:7, गद्दा:2
पन्न	27	3	0.638888888888889	0.5	0.0	पन्नों	पन्नू	GOOD	पन्नों:21, पन्नियों:3, पन्नू:3
रिक्त	27	2	0.8888888888888888	0.8888888888888888	0.1875	रिक्तियों	रिक्तियां	GOOD	रिक्तियां:15, रिक्तियों:12
शुभ	26	2	0.6	0.6	0.0	शुभता	शुभी	GOOD	शुभता:24, शुभी:2
फुल्क	26	3	0.8333333333333334	0.8333333333333334	0.125	फुल्की	फुल्के	GOOD	फुल्का:17, फुल्के:5, फुल्की:4
संकर	26	3	0.8000000000000002	0.8	0.14285714285714285	संकरे	संकरा	GOOD	संकरी:15, संकरे:6, संकरा:5
कीम	26	2	0.6	0.6	0.0	कीमती	कीमो	GOOD	कीमती:20, कीमो:6
सीप	26	2	0.6	0.6	0.0	सीपी	सीपों	GOOD	सीपी:22, सीपों:4
रोग	26	3	0.580952380952381	0.4285714285714286	0.2	रोगियों	रोगी	GOOD	रोगियों:13, रोगों:7, रोगी:6
चील	25	2	0.75	0.75	0.14285714285714285	चीला	चीले	GOOD	चीला:20, चीले:5
कुरकुर	25	3	0.8571428571428572	0.8571428571428572	0.14285714285714285	कुरकुरी	कुरकुरा	GOOD	कुरकुरी:12, कुरकुरे:7, कुरकुरा:6
फ़ैसल	23	3	0.753968253968254	0.7142857142857143	0.18181818181818182	फ़ैसले	फ़ैसला	GOOD	फ़ैसले:11, फ़ैसला:9, फ़ैसलों:3
विसंगत	23	3	0.7666666666666666	0.7	0.16666666666666666	विसंगति	विसंगतियों	GOOD	विसंगति:13, विसंगतियां:5, विसंगतियों:5
दंग	22	3	0.65	0.6	0.2	दंगा	दंगे	GOOD	दंगा:9, दंगे:7, दंगों:6
मिसाइल	22	2	0.875	0.875	0.16666666666666666	मिसाइलों	मिसाइलें	GOOD	मिसाइलों:13, मिसाइलें:9
पपी	22	2	0.8	0.8	0.125	पपीता	पपीते	GOOD	पपीते:16, पपीता:6
अलमार	22	2	0.5555555555555556	0.5555555555555556	0.0	अलमारी	अलमारियों	GOOD	अलमारी:19, अलमारियों:3
शोधार्थ	22	2	0.6363636363636364	0.6363636363636364	0.0	शोधार्थियों	शोधार्थी	GOOD	शोधार्थियों:16, शोधार्थी:6
पेट	22	3	0.5714285714285715	0.4285714285714286	0.0	पेटी	पेटियों	GOOD	पेटियां:14, पेटी:5, पेटियों:3
फरियाद	22	2	0.6	0.6	0.16666666666666666	फरियादी	फरियादियों	GOOD	फरियादियों:13, फरियादी:9
गोष्ठ	22	2	0.5555555555555556	0.5555555555555556	0.08333333333333333	गोष्ठी	गोष्ठियां	GOOD	गोष्ठी:20, गोष्ठियां:2
पाठशाल	21	2	0.7777777777777778	0.7777777777777778	0.1111111111111111	पाठशाला	पाठशालाओं	GOOD	पाठशाला:18, पाठशालाओं:3
लहंग	20	2	0.8	0.8	0.2	लहंगे	लहंगा	GOOD	लहंगा:12, लहंगे:8
सहायिक	20	3	0.8148148148148149	0.7777777777777778	0.18181818181818182	सहायिका	सहायिकाओं	GOOD	सहायिका:16, सहायिकाओं:2, सहायिकाएं:2
कड़व	20	3	0.8000000000000002	0.8	0.18181818181818182	कड़वा	कड़वे	GOOD	कड़वा:9, कड़वी:6, कड़वे:5
बैग	20	2	0.6	0.6	0.0	बैगों	बैगा	GOOD	बैगा:16, बैगों:4
कैर	20	3	0.5833333333333334	0.5	0.0	कैरो	कैराना	GOOD	कैरी:12, कैराना:6, कैरो:2
जखीर	20	2	0.8	0.8	0.1111111111111111	जखीरा	जखीरे	GOOD	जखीरा:17, जखीरे:3
गिट्ट	20	2	0.5555555555555556	0.5555555555555556	0.0	गिट्टी	गिट्टियां	GOOD	गिट्टी:14, गिट्टियां:6
साक्षर	20	2	0.75	0.75	0.125	साक्षरों	साक्षरता	GOOD	साक्षरता:17, साक्षरों:3
भूर	19	4	0.75	0.75	0.2	भूरे	भूरी	GOOD	भूरा:7, भूरी:6, भूरे:3, भूरू:3
धात	19	3	0.7222222222222223	0.6666666666666667	0.2	धातुएं	धातुओं	GOOD	धातु:13, धातुओं:4, धातुएं:2
ज़र	19	2	0.6	0.6	0.0	ज़रिए	ज़रा	GOOD	ज़रिए:13, ज़रा:6
बंगल	18	2	0.8	0.8	0.14285714285714285	बंगला	बंगले	GOOD	बंगला:11, बंगले:7
सेठ	18	2	0.6	0.6	0.0	सेठी	सेठना	GOOD	सेठी:16, सेठना:2
बिल्ल	18	3	0.6481481481481483	0.5555555555555556	0.0	बिल्ली	बिल्लियों	GOOD	बिल्ली:14, बिल्ला:2, बिल्लियों:2
मधुमक्ख	18	2	0.6363636363636364	0.6363636363636364	0.0	मधुमक्खी	मधुमक्खियों	GOOD	मधुमक्खियों:12, मधुमक्खी:6
घुसपैठ	17	2	0.7	0.7	0.2	घुसपैठियों	घुसपैठिए	GOOD	घुसपैठियों:13, घुसपैठिए:4
प्राधिकार	17	2	0.6923076923076923	0.6923076923076923	0.1111111111111111	प्राधिकारी	प्राधिकारियों	GOOD	प्राधिकारी:15, प्राधिकारियों:2
रकब	17	2	0.75	0.75	0.16666666666666666	रकबा	रकबे	GOOD	रकबा:15, रकबे:2
पलक	16	2	0.8	0.8	0.125	पलकें	पलकों	GOOD	पलकों:11, पलकें:5
योद्ध	16	2	0.75	0.75	0.125	योद्धा	योद्धाओं	GOOD	योद्धाओं:9, योद्धा:7
प्रशिक्ष	16	2	0.8181818181818181	0.8181818181818181	0.1111111111111111	प्रशिक्षु	प्रशिक्षुओं	GOOD	प्रशिक्षु:13, प्रशिक्षुओं:3
गहन	15	2	0.6	0.6	0.0	गहनता	गहनों	GOOD	गहनता:10, गहनों:5
गुर्ग	15	2	0.7142857142857143	0.7142857142857143	0.125	गुर्गों	गुर्गे	GOOD	गुर्गे:11, गुर्गों:4
गृहिण	15	2	0.5555555555555556	0.5555555555555556	0.0	गृहिणी	गृहिणियां	GOOD	गृहिणी:11, गृहिणियां:4
सिफारिश	15	2	0.8888888888888888	0.8888888888888888	0.18181818181818182	सिफारिशों	सिफारिशें	GOOD	सिफारिशें:9, सिफारिशों:6
नगाड़	14	2	0.7142857142857143	0.7142857142857143	0.1111111111111111	नगाड़े	नगाड़ों	GOOD	नगाड़ों:11, नगाड़े:3
पिस	14	4	0.6805555555555557	0.5	0.16666666666666666	पिसी	पिसे	GOOD	पिसी:7, पिसे:3, पिसा:2, पिसाने:2
अवधारण	14	2	0.7777777777777778	0.7777777777777778	0.16666666666666666	अवधारणा	अवधारणाओं	GOOD	अवधारणा:10, अवधारणाओं:4
कुर्	14	2	0.8333333333333334	0.8333333333333334	0.125	कुर्ता	कुर्ती	GOOD	कुर्ता:12, कुर्ती:2
झुग्ग	14	3	0.6666666666666666	0.5555555555555556	0.2	झुग्गियों	झुग्गियां	GOOD	झुग्गी:7, झुग्गियों:4, झुग्गियां:3
दमकलकर्म	14	2	0.6666666666666667	0.6666666666666667	0.125	दमकलकर्मियों	दमकलकर्मी	GOOD	दमकलकर्मियों:10, दमकलकर्मी:4
दलाल	14	2	0.6666666666666667	0.6666666666666667	0.125	दलाली	दलालों	GOOD	दलाली:7, दलालों:7
2000व	13	2	0.8571428571428572	0.8571428571428572	0.2	2000वें	2000वां	GOOD	2000वां:8, 2000वें:5
चट्टान	13	2	0.875	0.875	0.14285714285714285	चट्टानों	चट्टानें	GOOD	चट्टानों:10, चट्टानें:3
गोद	13	2	0.6	0.6	0.0	गोदकर	गोदा	GOOD	गोदकर:11, गोदा:2
समोस	13	2	0.8	0.8	0.1111111111111111	समोसा	समोसे	GOOD	समोसा:9, समोसे:4
बिज	12	2	0.6	0.6	0.0	बिजी	बिजाई	GOOD	बिजी:8, बिजाई:4
बंगलूर	12	2	0.8571428571428572	0.8571428571428572	0.16666666666666666	बंगलूरू	बंगलूरु	GOOD	बंगलूरू:10, बंगलूरु:2
बूट	12	4	0.5869047619047619	0.4285714285714286	0.0	बूटों	बूटी	GOOD	बूटा:6, बूटियों:2, बूटों:2, बूटी:2
पुस्तक	12	2	0.875	0.875	0.14285714285714285	पुस्तकें	पुस्तकों	GOOD	पुस्तकें:7, पुस्तकों:5
सड़	12	4	0.6916666666666668	0.6	0.14285714285714285	सड़ी	सड़ती	GOOD	सड़ी:5, सड़ती:3, सड़ने:2, सड़े:2
ऐंठ	11	3	0.6666666666666666	0.6	0.16666666666666666	ऐंठने	ऐंठती	GOOD	ऐंठने:7, ऐंठती:2, ऐंठे:2
गल्ल	11	2	0.8	0.8	0.16666666666666666	गल्ला	गल्ले	GOOD	गल्ला:9, गल्ले:2
झलक	11	3	0.6	0.4285714285714286	0.0	झलकियां	झलकती	GOOD	झलकियां:5, झलकता:4, झलकती:2
प्यास	11	2	0.8333333333333334	0.8333333333333334	0.2	प्यासा	प्यासे	GOOD	प्यासा:8, प्यासे:3
धुंधल	11	2	0.8333333333333334	0.8333333333333334	0.125	धुंधला	धुंधली	GOOD	धुंधला:6, धुंधली:5
अनुयाय	11	2	0.6	0.6	0.0	अनुयायी	अनुयायियों	GOOD	अनुयायियों:8, अनुयायी:3
कांट	11	3	0.7111111111111112	0.6666666666666667	0.14285714285714285	कांटे	कांटों	GOOD	कांटे:6, कांटा:3, कांटों:2
सब	10	3	0.5666666666666667	0.5	0.0	सबा	सबाना	GOOD	सबने:5, सबा:3, सबाना:2
कबूल	10	2	0.8	0.8	0.1111111111111111	कबूला	कबूली	GOOD	कबूला:7, कबूली:3
सहपाठ	10	2	0.5555555555555556	0.5555555555555556	0.0	सहपाठी	सहपाठियों	GOOD	सहपाठी:8, सहपाठियों:2
तख्त	10	2	0.625	0.625	0.0	तख्तियां	तख्तों	GOOD	तख्तियां:7, तख्तों:3
ओढ़	9	4	0.6	0.6	0.0	ओढ़े	ओढ़ां	GOOD	ओढ़कर:3, ओढ़े:2, ओढ़नी:2, ओढ़ां:2
गुटख	9	2	0.8	0.8	0.2	गुटखे	गुटखा	GOOD	गुटखे:6, गुटखा:3
हितग्राह	9	2	0.6666666666666667	0.6666666666666667	0.14285714285714285	हितग्राहियों	हितग्राही	GOOD	हितग्राहियों:7, हितग्राही:2
जाऊंग	8	2	0.8333333333333334	0.8333333333333334	0.16666666666666666	जाऊंगा	जाऊंगी	GOOD	जाऊंगा:6, जाऊंगी:2
कढ़	8	2	0.6	0.6	0.0	कढ़ी	कढ़ाई	GOOD	कढ़ाई:5, कढ़ी:3
डाय	8	2	0.6	0.6	0.0	डायना	डायो	GOOD	डायना:5, डायो:3
रेलकर्म	8	2	0.6363636363636364	0.6363636363636364	0.16666666666666666	रेलकर्मियों	रेलकर्मी	GOOD	रेलकर्मियों:6, रेलकर्मी:2
गैंड	8	2	0.8	0.8	0.16666666666666666	गैंडे	गैंडा	GOOD	गैंडे:6, गैंडा:2
91व	8	2	0.8	0.8	0.16666666666666666	91वीं	91वें	GOOD	91वीं:5, 91वें:3
उपयोगकर्	7	2	0.8333333333333334	0.8333333333333334	0.16666666666666666	उपयोगकर्ताओं	उपयोगकर्ता	GOOD	उपयोगकर्ता:5, उपयोगकर्ताओं:2
कोहर	7	2	0.8	0.8	0.16666666666666666	कोहरा	कोहरे	GOOD	कोहरे:4, कोहरा:3
ताकत	7	2	0.8333333333333334	0.8333333333333334	0.2	ताकतें	ताकतों	GOOD	ताकतें:4, ताकतों:3
बुर्क	7	2	0.8333333333333334	0.8333333333333334	0.2	बुर्का	बुर्के	GOOD	बुर्का:4, बुर्के:3
चूल्ह	7	2	0.8333333333333334	0.8333333333333334	0.16666666666666666	चूल्हा	चूल्हे	GOOD	चूल्हे:4, चूल्हा:3
अंगुल	7	2	0.5555555555555556	0.5555555555555556	0.0	अंगुली	अंगुलियां	GOOD	अंगुली:5, अंगुलियां:2
कटौत	7	2	0.875	0.875	0.2	कटौतियों	कटौतियां	GOOD	कटौतियों:4, कटौतियां:3
धड़	6	2	0.6	0.6	0.0	धड़े	धड़ों	GOOD	धड़े:4, धड़ों:2
शरणार्थ	6	2	0.6363636363636364	0.6363636363636364	0.2	शरणार्थी	शरणार्थियों	GOOD	शरणार्थी:4, शरणार्थियों:2
खंड	6	2	0.6	0.6	0.0	खंडों	खंडे	GOOD	खंडों:4, खंडे:2
फंड	5	2	0.6	0.6	0.0	फंडा	फंडों	GOOD	फंडा:3, फंडों:2
पीठ	5	2	0.6	0.6	0.0	पीठा	पीठों	GOOD	पीठों:3, पीठा:2
महल	5	2	0.6	0.6	0.0	महली	महलों	GOOD	महली:3, महलों:2
कातिल	5	2	0.625	0.625	0.0	कातिलाना	कातिलों	GOOD	कातिलों:3, कातिलाना:2
मनमर्ज	5	2	0.6	0.6	0.0	मनमर्जियां	मनमर्जी	GOOD	मनमर्जी:3, मनमर्जियां:2
संघ	5	2	0.6	0.6	0.0	संघों	संघा	GOOD	संघों:3, संघा:2
हो	8736	8	0.5910714285714286	0.4	0.2860915492957746	होती	होता	REVIEW	होने:4279, होता:1361, होती:1136, होते:698, होना:592, होकर:413, होनी:249, होतीं:8
जा	6557	10	0.5196296296296297	0.33333333333333337	0.23580034423407917	जाता	जाती	REVIEW	जाने:1966, जाता:1625, जाती:787, जाते:590, जाना:526, जाएंगे:514, जाकर:308, जाएंगी:133, जानी:103, जातीं:5
उसक	3259	4	0.75	0.75	0.25386996904024767	उसके	उसकी	REVIEW	उसके:1634, उसकी:1044, उसका:558, उसको:23
जाएग	2700	3	0.8000000000000002	0.8	0.2262343404568902	जाएगी	जाएगा	REVIEW	जाएगा:1608, जाएगी:1083, जाएगे:9
अधिकार	2333	3	0.7166666666666667	0.6	0.21122740247383445	अधिकारियों	अधिकारी	REVIEW	अधिकारियों:1227, अधिकारी:1011, अधिकारों:95
आरोप	2224	3	0.638888888888889	0.5	0.21476510067114093	आरोपियों	आरोपी	REVIEW	आरोपी:1421, आरोपियों:509, आरोपों:294
यात्र	2089	5	0.6902777777777778	0.5555555555555556	0.2918149466192171	यात्री	यात्रियों	REVIEW	यात्रा:1221, यात्रियों:541, यात्री:289, यात्राओं:24, यात्राएं:14
पा	1907	10	0.5196296296296297	0.33333333333333337	0.0335195530726257	पाने	पाते	REVIEW	पानी:1359, पाने:174, पाएंगे:168, पाता:47, पाते:46, पाती:40, पाना:34, पाकर:24, पाएंगी:9, पातीं:6
हमल	1409	3	0.65	0.6	0.2431865828092243	हमला	हमले	REVIEW	हमला:768, हमले:516, हमलों:125
हादस	975	3	0.7111111111111112	0.6666666666666667	0.24390243902439024	हादसे	हादसा	REVIEW	हादसे:580, हादसा:335, हादसों:60
सप	844	5	0.5178571428571429	0.2857142857142857	0.19402985074626866	सपना	सपने	REVIEW	सपा:544, सपना:170, सपने:97, सपाइयों:20, सपाई:13
मेर	659	3	0.75	0.75	0.23529411764705882	मेरे	मेरा	REVIEW	मेरे:265, मेरी:214, मेरा:180
कार्यकर्	627	2	0.8333333333333334	0.8333333333333334	0.23404255319148937	कार्यकर्ताओं	कार्यकर्ता	REVIEW	कार्यकर्ताओं:394, कार्यकर्ता:233
नद	613	4	0.5555555555555556	0.33333333333333337	0.06976744186046512	नदियों	नदियां	REVIEW	नदी:537, नदियों:54, नदियां:20, नदियाँ:2
प्रत्याश	478	3	0.7407407407407408	0.6666666666666667	0.27972027972027974	प्रत्याशी	प्रत्याशियों	REVIEW	प्रत्याशी:342, प्रत्याशियों:134, प्रत्याशा:2
ऊंच	446	6	0.575	0.375	0.15384615384615385	ऊंचाइयों	ऊंचाइयां	REVIEW	ऊंचाई:203, ऊंची:104, ऊंचे:66, ऊंचा:52, ऊंचाइयों:12, ऊंचाइयां:9
श्रद्धाल	441	2	0.8181818181818181	0.8181818181818181	0.2814814814814815	श्रद्धालुओं	श्रद्धालु	REVIEW	श्रद्धालुओं:322, श्रद्धालु:119
इस्तीफ	393	2	0.8571428571428572	0.8571428571428572	0.21782178217821782	इस्तीफा	इस्तीफे	REVIEW	इस्तीफे:252, इस्तीफा:141
पौध	284	3	0.65	0.6	0.2830188679245283	पौधों	पौधे	REVIEW	पौधे:130, पौधों:84, पौधा:70
सब्ज	218	3	0.625	0.5	0.20930232558139536	सब्जियों	सब्जियां	REVIEW	सब्जी:120, सब्जियां:53, सब्जियों:45
गेंदबाज	212	2	0.7777777777777778	0.7777777777777778	0.273972602739726	गेंदबाजी	गेंदबाजों	REVIEW	गेंदबाजी:146, गेंदबाजों:66
बुर	212	5	0.6	0.375	0.09090909090909091	बुराई	बुरे	REVIEW	बुरी:100, बुरा:78, बुरे:23, बुराई:8, बुराइयों:3
उपभोक्	195	2	0.8	0.8	0.203125	उपभोक्ताओं	उपभोक्ता	REVIEW	उपभोक्ताओं:106, उपभोक्ता:89
ट्रेन	194	2	0.8571428571428572	0.8571428571428572	0.2459016393442623	ट्रेनों	ट्रेनें	REVIEW	ट्रेनों:140, ट्रेनें:54
किम	190	2	0.5	0.5	0.0	किमी	किमाया	REVIEW	किमी:188, किमाया:2
आतंक	176	2	0.5	0.5	0.1864406779661017	आतंकी	आतंकियों	REVIEW	आतंकी:131, आतंकियों:45
प्रदर्शनकार	175	2	0.7333333333333334	0.7333333333333334	0.21978021978021978	प्रदर्शनकारियों	प्रदर्शनकारी	REVIEW	प्रदर्शनकारियों:115, प्रदर्शनकारी:60
चौक	167	6	0.5874603174603175	0.4285714285714286	0.20833333333333334	चौके	चौकों	REVIEW	चौकी:104, चौके:26, चौकियों:22, चौकों:9, चौका:4, चौकाने:2
घाट	164	6	0.5938095238095238	0.4285714285714286	0.25	घाटियों	घाटियां	REVIEW	घाटी:78, घाटों:48, घाटा:19, घाटे:11, घाटियों:6, घाटियां:2
गा	155	4	0.5833333333333334	0.5	0.25	गाने	गाना	REVIEW	गाने:87, गाना:59, गाते:5, गाकर:4
दह	154	2	0.5	0.5	0.0	दही	दहाई	REVIEW	दही:149, दहाई:5
डायर	151	2	0.5	0.5	0.058823529411764705	डायरी	डायरियों	REVIEW	डायरी:149, डायरियों:2
कमेट	147	2	0.5	0.5	0.010416666666666666	कमेटी	कमेटियों	REVIEW	कमेटी:142, कमेटियों:5
दर	141	3	0.5833333333333334	0.5	0.24528301886792453	दरें	दरों	REVIEW	दरों:80, दरें:59, दरी:2
पह	134	5	0.525	0.33333333333333337	0.21052631578947367	पहिए	पहियों	REVIEW	पहने:57, पहियों:29, पहिए:22, पहना:16, पहनी:10
आर	117	2	0.5	0.5	0.0	आरती	आरा	REVIEW	आरा:61, आरती:56
फैक्ट्र	111	3	0.7272727272727272	0.6363636363636364	0.3	फैक्ट्रियों	फैक्ट्रियां	REVIEW	फैक्ट्री:82, फैक्ट्रियों:25, फैक्ट्रियां:4
योग्य	104	3	0.8148148148148149	0.7777777777777778	0.25	योग्यताओं	योग्यताएं	REVIEW	योग्यता:98, योग्यताओं:4, योग्यताएं:2
धमाक	102	3	0.7111111111111112	0.6666666666666667	0.20833333333333334	धमाके	धमाका	REVIEW	धमाके:53, धमाका:44, धमाकों:5
नाश्	100	2	0.8333333333333334	0.8333333333333334	0.22727272727272727	नाश्ते	नाश्ता	REVIEW	नाश्ते:60, नाश्ता:40
भत्	98	2	0.8	0.8	0.25	भत्ता	भत्ते	REVIEW	भत्ता:58, भत्ते:40
मिठ	96	3	0.625	0.5	0.23076923076923078	मिठाइयां	मिठाइयों	REVIEW	मिठाई:59, मिठाइयों:25, मिठाइयां:12
कुर्स	85	3	0.6666666666666666	0.5555555555555556	0.25	कुर्सियां	कुर्सियों	REVIEW	कुर्सी:62, कुर्सियां:14, कुर्सियों:9
छक्क	78	3	0.7111111111111112	0.6666666666666667	0.25925925925925924	छक्का	छक्के	REVIEW	छक्के:46, छक्का:22, छक्कों:10
लाभार्थ	73	2	0.6363636363636364	0.6363636363636364	0.2857142857142857	लाभार्थी	लाभार्थियों	REVIEW	लाभार्थियों:39, लाभार्थी:34
लहर	72	9	0.5993055555555556	0.375	0.2	लहराने	लहराकर	REVIEW	लहराया:28, लहरी:11, लहरा:9, लहराने:7, लहराते:6, लहरों:4, लहराकर:3, लहराती:2, लहराएंगे:2
इनाम	70	2	0.5	0.5	0.0	इनामी	इनामियों	REVIEW	इनामी:68, इनामियों:2
लगव	60	9	0.6962962962962964	0.6666666666666667	0.25	लगवाते	लगवाया	REVIEW	लगवाने:18, लगवा:17, लगवाना:5, लगवाते:5, लगवाई:4, लगवाकर:4, लगवाए:3, लगवाया:2, लगवाएं:2
संरच	60	3	0.7916666666666666	0.75	0.2857142857142857	संरचनाओं	संरचनाएं	REVIEW	संरचना:49, संरचनाएं:7, संरचनाओं:4
शिक्षिक	57	3	0.8333333333333334	0.8	0.2857142857142857	शिक्षिकाएं	शिक्षिकाओं	REVIEW	शिक्षिका:38, शिक्षिकाएं:11, शिक्षिकाओं:8
नुस्ख	54	3	0.753968253968254	0.7142857142857143	0.25	नुस्खा	नुस्खे	REVIEW	नुस्खे:32, नुस्खा:20, नुस्खों:2
ढाब	50	3	0.65	0.6	0.23809523809523808	ढाबा	ढाबे	REVIEW	ढाबे:33, ढाबा:14, ढाबों:3
उद्यम	49	3	0.6825396825396824	0.5555555555555556	0.2857142857142857	उद्यमी	उद्यमियों	REVIEW	उद्यमियों:21, उद्यमी:19, उद्यमों:9
रज	48	2	0.5	0.5	0.0	रजनी	रजा	REVIEW	रजनी:30, रजा:18
आंस	45	2	0.5	0.5	0.03333333333333333	आंसू	आंसुओं	REVIEW	आंसू:41, आंसुओं:4
मवेश	45	2	0.5	0.5	0.037037037037037035	मवेशियों	मवेशी	REVIEW	मवेशियों:26, मवेशी:19
उछल	40	4	0.6749999999999999	0.6	0.20833333333333334	उछला	उछलकर	REVIEW	उछलकर:21, उछला:12, उछली:5, उछले:2
ईस	39	4	0.509920634920635	0.2857142857142857	0.2222222222222222	ईसाई	ईसाइयों	REVIEW	ईसाई:18, ईसा:9, ईसी:7, ईसाइयों:5
यहूद	39	2	0.5	0.5	0.25	यहूदी	यहूदियों	REVIEW	यहूदी:30, यहूदियों:9
मुर्ग	39	4	0.6944444444444445	0.5555555555555556	0.25	मुर्गियों	मुर्गी	REVIEW	मुर्गा:24, मुर्गी:7, मुर्गियों:5, मुर्गे:3
ट्रस्ट	38	3	0.7166666666666667	0.6	0.2727272727272727	ट्रस्टी	ट्रस्टियों	REVIEW	ट्रस्टियों:25, ट्रस्टी:8, ट्रस्टों:5
नाव	37	2	0.8	0.8	0.2857142857142857	नावें	नावों	REVIEW	नावें:19, नावों:18
बर्फील	36	3	0.8571428571428572	0.8571428571428572	0.2857142857142857	बर्फीले	बर्फीला	REVIEW	बर्फीली:19, बर्फीले:15, बर्फीला:2
गील	35	3	0.75	0.75	0.2857142857142857	गीले	गीला	REVIEW	गीला:17, गीले:12, गीली:6
माव	33	4	0.7083333333333334	0.6	0.2857142857142857	मावा	मावे	REVIEW	मावी:13, मावा:8, मावां:7, मावे:5
फार्मेस	33	2	0.6363636363636364	0.6363636363636364	0.25	फार्मेसी	फार्मेसियों	REVIEW	फार्मेसी:18, फार्मेसियों:15
चुटक	32	2	0.5	0.5	0.0	चुटकियों	चुटकी	REVIEW	चुटकी:24, चुटकियों:8
सुरक्षाकर्म	32	2	0.7333333333333334	0.7333333333333334	0.20833333333333334	सुरक्षाकर्मियों	सुरक्षाकर्मी	REVIEW	सुरक्षाकर्मियों:22, सुरक्षाकर्मी:10
लिफाफ	31	3	0.753968253968254	0.7142857142857143	0.25	लिफाफों	लिफाफा	REVIEW	लिफाफे:19, लिफाफों:6, लिफाफा:6
मदरस	29	3	0.7111111111111112	0.6666666666666667	0.25	मदरसा	मदरसों	REVIEW	मदरसे:12, मदरसा:9, मदरसों:8
याच	29	3	0.48571428571428577	0.4285714285714286	0.13333333333333333	याची	याचियों	REVIEW	याची:21, याचियों:6, याचना:2
लाइन	29	2	0.8333333333333334	0.8333333333333334	0.21052631578947367	लाइनों	लाइनें	REVIEW	लाइनों:15, लाइनें:14
गुरुद्वार	27	3	0.8454545454545453	0.8181818181818181	0.25	गुरुद्वारों	गुरुद्वारे	REVIEW	गुरुद्वारा:17, गुरुद्वारे:8, गुरुद्वारों:2
धाग	23	3	0.65	0.6	0.2222222222222222	धागे	धागा	REVIEW	धागा:11, धागे:9, धागों:3
चंद	22	3	0.75	0.75	0.25	चंदा	चंदे	REVIEW	चंदे:13, चंदा:7, चंदी:2
कव	22	2	0.5	0.5	0.0	कवि	कवियों	REVIEW	कवि:19, कवियों:3
सख	22	3	0.5	0.33333333333333337	0.0	सखी	सखियों	REVIEW	सखी:12, सखियों:6, सखियां:4
पोह	21	2	0.75	0.75	0.25	पोहे	पोहा	REVIEW	पोहा:18, पोहे:3
हत्यारोप	20	2	0.6666666666666667	0.6666666666666667	0.3	हत्यारोपी	हत्यारोपियों	REVIEW	हत्यारोपी:15, हत्यारोपियों:5
दाल	20	2	0.8	0.8	0.23076923076923078	दालों	दालें	REVIEW	दालों:10, दालें:10
नाइजीरिय	19	2	0.9	0.9	0.25	नाइजीरिया	नाइजीरियाई	REVIEW	नाइजीरिया:17, नाइजीरियाई:2
पूड़	18	2	0.5	0.5	0.14285714285714285	पूड़ी	पूड़ियां	REVIEW	पूड़ी:16, पूड़ियां:2
धब्ब	18	3	0.7111111111111112	0.6666666666666667	0.25	धब्बों	धब्बा	REVIEW	धब्बे:13, धब्बों:3, धब्बा:2
ईंट	18	2	0.8	0.8	0.2222222222222222	ईंटों	ईंटें	REVIEW	ईंटों:15, ईंटें:3
स्वास्थ्यकर्म	17	2	0.7647058823529411	0.7647058823529411	0.2222222222222222	स्वास्थ्यकर्मियों	स्वास्थ्यकर्मी	REVIEW	स्वास्थ्यकर्मियों:13, स्वास्थ्यकर्मी:4
गत्	17	2	0.8	0.8	0.25	गत्ते	गत्ता	REVIEW	गत्ते:14, गत्ता:3
राय	16	2	0.8	0.8	0.25	रायता	रायते	REVIEW	रायता:11, रायते:5
तीर्थयात्र	16	3	0.7792207792207791	0.7142857142857143	0.25	तीर्थयात्रियों	तीर्थयात्रा	REVIEW	तीर्थयात्री:9, तीर्थयात्रियों:5, तीर्थयात्रा:2
तेजपत्	15	2	0.875	0.875	0.25	तेजपत्ते	तेजपत्ता	REVIEW	तेजपत्ता:8, तेजपत्ते:7
भिगो	14	3	0.7222222222222223	0.6666666666666667	0.25	भिगोने	भिगोना	REVIEW	भिगोकर:7, भिगोने:5, भिगोना:2
निगल	12	3	0.6666666666666666	0.6666666666666667	0.25	निगला	निगलने	REVIEW	निगला:7, निगलने:3, निगलकर:2
कुट्ट	11	2	0.8333333333333334	0.8333333333333334	0.25	कुट्टू	कुट्टु	REVIEW	कुट्टू:6, कुट्टु:5
भूमाफिय	9	2	0.8	0.8	0.25	भूमाफिया	भूमाफियाओं	REVIEW	भूमाफिया:5, भूमाफियाओं:4
यूनियन	9	2	0.875	0.875	0.25	यूनियनों	यूनियनें	REVIEW	यूनियनों:7, यूनियनें:2
निराल	9	2	0.8333333333333334	0.8333333333333334	0.25	निराला	निराली	REVIEW	निराला:7, निराली:2
पादर	9	2	0.5	0.5	0.0	पादरियों	पादरी	REVIEW	पादरी:5, पादरियों:4
वास	8	3	0.5357142857142857	0.4285714285714286	0.0	वासी	वासु	REVIEW	वासी:3, वासियों:3, वासु:2
लोककथ	8	3	0.7916666666666666	0.75	0.25	लोककथाओं	लोककथा	REVIEW	लोककथा:4, लोककथाओं:2, लोककथाएं:2
परिवारवाल	7	2	0.8181818181818181	0.8181818181818181	0.25	परिवारवालों	परिवारवाले	REVIEW	परिवारवालों:4, परिवारवाले:3
तौल	7	3	0.5333333333333333	0.4285714285714286	0.0	तौलियों	तौलिए	REVIEW	तौलियों:3, तौलने:2, तौलिए:2
मस्जिद	7	2	0.875	0.875	0.25	मस्जिदों	मस्जिदें	REVIEW	मस्जिदों:5, मस्जिदें:2
जस्स	7	2	0.5	0.5	0.0	जस्सियां	जस्सी	REVIEW	जस्सी:5, जस्सियां:2
बट	5	2	0.5	0.5	0.0	बटाई	बटी	REVIEW	बटाई:3, बटी:2
जो	5	2	0.5	0.5	0.0	जोनी	जोता	REVIEW	जोनी:3, जोता:2
रह	21739	22	0.505916305916306	0.33333333333333337	0.4567513559805881	रहा	रही	REJECT	रहे:5770, रहा:5726, रही:5412, रहने:1129, रहेगा:1019, रहेंगे:547, रहेगी:422, रहते:363, रहता:278, रहीं:251
कर	19771	37	0.49564564564564567	0.2857142857142857	0.3314981164879745	करते	करने	REJECT	करने:7541, करते:2621, करना:1987, करें:1944, करता:865, करेंगे:832, कराने:659, करती:561, कराया:524, कराई:361
सक	7839	14	0.5404761904761906	0.33333333333333337	0.32968369829683697	सकता	सकती	REJECT	सकता:2857, सकते:1847, सकती:1808, सके:407, सकेंगे:244, सकेगा:183, सका:135, सकी:127, सकें:125, सकेगी:78
अप	7491	4	0.6527777777777778	0.5	0.33359936153232245	अपने	अपनी	REJECT	अपने:3615, अपनी:2783, अपना:1035, अपनाएं:58
उनक	5886	4	0.75	0.75	0.3242249080399369	उनके	उनकी	REJECT	उनके:2703, उनकी:1867, उनका:1242, उनको:74
होग	4675	3	0.75	0.75	0.31632110579479	होगी	होगा	REJECT	होगा:2639, होगी:2033, होगे:3
अमेरिक	890	3	0.6857142857142856	0.6	0.3225806451612903	अमेरिकी	अमेरिका	REJECT	अमेरिका:568, अमेरिकी:317, अमेरिकियों:5
राश	737	3	0.6666666666666666	0.5714285714285714	0.32	राशियों	राशियां	REJECT	राशि:663, राशियों:65, राशियां:9
हव	562	4	0.6583333333333333	0.6	0.32786885245901637	हवाओं	हवाएं	REJECT	हवा:244, हवाई:173, हवाओं:73, हवाएं:72
अभ्यर्थ	455	2	0.6363636363636364	0.6363636363636364	0.4260869565217391	अभ्यर्थियों	अभ्यर्थी	REJECT	अभ्यर्थियों:270, अभ्यर्थी:185
मंजूर	340	3	0.6666666666666666	0.5555555555555556	0.4	मंजूरियां	मंजूरियों	REJECT	मंजूरी:331, मंजूरियों:6, मंजूरियां:3
साथ	268	2	0.4285714285714286	0.4285714285714286	0.05714285714285714	साथियों	साथी	REJECT	साथी:184, साथियों:84
घर	260	2	0.4	0.4	0.0	घरों	घराने	REJECT	घरों:256, घराने:4
जाय	215	5	0.6504761904761904	0.4285714285714286	0.3333333333333333	जायेगा	जायेंगे	REJECT	जाया:167, जायेगा:24, जायेंगे:10, जायें:8, जायेगी:6
मसाल	206	3	0.7111111111111112	0.6666666666666667	0.30434782608695654	मसाले	मसाला	REJECT	मसाला:85, मसालों:61, मसाले:60
आदम	174	2	0.4285714285714286	0.4285714285714286	0.01	आदमी	आदमियों	REJECT	आदमी:172, आदमियों:2
ट्रॉफ	136	3	0.6666666666666666	0.5555555555555556	0.4	ट्रॉफियां	ट्रॉफियों	REJECT	ट्रॉफी:123, ट्रॉफियां:11, ट्रॉफियों:2
दर्श	110	11	0.7090909090909091	0.5714285714285714	0.3333333333333333	दर्शाकर	दर्शा	REJECT	दर्शाता:46, दर्शाती:25, दर्शाया:10, दर्शाते:7, दर्शाने:5, दर्शाई:4, दर्शा:4, दर्शाए:3, दर्शाएगी:2, दर्शाकर:2
रोट	104	2	0.4285714285714286	0.4285714285714286	0.0	रोटी	रोटियां	REJECT	रोटी:100, रोटियां:4
पराठ	87	3	0.7111111111111112	0.6666666666666667	0.4444444444444444	पराठे	पराठा	REJECT	पराठा:46, पराठे:38, पराठों:3
मछल	79	3	0.5714285714285715	0.4285714285714286	0.5	मछलियों	मछलियां	REJECT	मछली:54, मछलियों:16, मछलियां:9
गोप	73	2	0.4285714285714286	0.4285714285714286	0.0	गोपी	गोपियों	REJECT	गोपी:71, गोपियों:2
डेयर	73	3	0.625	0.5	0.4	डेयरियां	डेयरियों	REJECT	डेयरी:64, डेयरियां:5, डेयरियों:4
उड़ान	72	2	0.8571428571428572	0.8571428571428572	0.32142857142857145	उड़ानों	उड़ानें	REJECT	उड़ानों:44, उड़ानें:28
आदत	66	2	0.8	0.8	0.375	आदतों	आदतें	REJECT	आदतें:38, आदतों:28
नर्स	64	2	0.8333333333333334	0.8333333333333334	0.3333333333333333	नर्सों	नर्सें	REJECT	नर्सों:56, नर्सें:8
बकर	62	6	0.5938095238095238	0.4285714285714286	0.5	बकरों	बकरियां	REJECT	बकरी:32, बकरियों:14, बकरा:8, बकरे:3, बकरियां:3, बकरों:2
कॉप	54	3	0.5714285714285715	0.4285714285714286	0.6666666666666666	कॉपियां	कॉपियों	REJECT	कॉपी:45, कॉपियां:7, कॉपियों:2
संवार	53	7	0.7396069538926682	0.5555555555555556	0.4	संवारते	संवारे	REJECT	संवारने:15, संवारेंगे:13, संवारें:8, संवारे:7, संवारा:5, संवारते:3, संवारी:2
छिलक	53	3	0.7111111111111112	0.6666666666666667	0.38461538461538464	छिलके	छिलका	REJECT	छिलके:28, छिलकों:13, छिलका:12
सद	52	3	0.4444444444444445	0.33333333333333337	0.030303030303030304	सदी	सदियों	REJECT	सदी:25, सदियों:25, सदा:2
खीर	48	3	0.75	0.75	0.4	खीरा	खीरे	REJECT	खीरी:28, खीरे:16, खीरा:4
बोर	47	6	0.5938095238095238	0.4285714285714286	0.3333333333333333	बोरे	बोरियों	REJECT	बोरा:18, बोरी:18, बोरे:4, बोरों:3, बोरियां:2, बोरियों:2
खांस	47	3	0.7222222222222223	0.6666666666666667	0.3333333333333333	खांसते	खांसने	REJECT	खांसी:35, खांसते:7, खांसने:5
पटर	45	2	0.4285714285714286	0.4285714285714286	0.029411764705882353	पटरी	पटरियों	REJECT	पटरी:40, पटरियों:5
कैद	45	2	0.4285714285714286	0.4285714285714286	0.13333333333333333	कैदियों	कैदी	REJECT	कैदियों:27, कैदी:18
मांझ	40	3	0.8000000000000002	0.8	0.5	मांझे	मांझा	REJECT	मांझी:26, मांझे:7, मांझा:7
गमल	38	3	0.65	0.6	0.3333333333333333	गमले	गमला	REJECT	गमले:27, गमलों:7, गमला:4
चिट्ट	38	2	0.8333333333333334	0.8333333333333334	0.4	चिट्टे	चिट्टा	REJECT	चिट्टा:29, चिट्टे:9
तेर	37	3	0.75	0.75	0.3076923076923077	तेरी	तेरे	REJECT	तेरा:14, तेरी:12, तेरे:11
मोटाप	37	2	0.8333333333333334	0.8333333333333334	0.3333333333333333	मोटापा	मोटापे	REJECT	मोटापा:24, मोटापे:13
नक्सल	37	2	0.5555555555555556	0.5555555555555556	0.4	नक्सलियों	नक्सली	REJECT	नक्सलियों:19, नक्सली:18
सीरिय	36	2	0.8571428571428572	0.8571428571428572	0.375	सीरिया	सीरियाई	REJECT	सीरिया:26, सीरियाई:10
खट्ट	35	3	0.8000000000000002	0.8	0.36363636363636365	खट्टा	खट्टे	REJECT	खट्टा:19, खट्टे:10, खट्टी:6
सिरक	34	2	0.8	0.8	0.3333333333333333	सिरके	सिरका	REJECT	सिरका:21, सिरके:13
चाब	33	2	0.4285714285714286	0.4285714285714286	0.05555555555555555	चाबी	चाबियां	REJECT	चाबी:31, चाबियां:2
दीय	33	4	0.6916666666666668	0.6	0.3333333333333333	दीये	दीयों	REJECT	दीये:11, दीया:10, दीयों:10, दीयां:2
डराव	31	3	0.8333333333333334	0.8333333333333334	0.375	डरावनी	डरावने	REJECT	डरावनी:16, डरावना:10, डरावने:5
भून	30	4	0.6333333333333333	0.6	0.3333333333333333	भूनकर	भूनना	REJECT	भूनें:20, भूनने:5, भूनकर:3, भूनना:2
डोस	30	2	0.75	0.75	0.75	डोसा	डोसे	REJECT	डोसा:23, डोसे:7
मेव	26	3	0.65	0.6	0.3333333333333333	मेवों	मेवे	REJECT	मेवों:15, मेवा:8, मेवे:3
चूड़	26	3	0.625	0.5	0.6	चूड़ियों	चूड़ियां	REJECT	चूड़ियों:17, चूड़ियां:6, चूड़ी:3
ओल	25	3	0.5555555555555556	0.5	0.3333333333333333	ओलों	ओले	REJECT	ओले:12, ओलों:7, ओला:6
रोमानिय	25	2	0.8888888888888888	0.8888888888888888	0.3333333333333333	रोमानिया	रोमानियाई	REJECT	रोमानिया:21, रोमानियाई:4
तौलिय	24	2	0.8333333333333334	0.8333333333333334	0.3333333333333333	तौलिये	तौलिया	REJECT	तौलिये:13, तौलिया:11
नंद	23	5	0.71	0.6	1.0	नंदू	नंदु	REJECT	नंदनी:9, नंदा:5, नंदी:5, नंदू:2, नंदु:2
भैंस	23	5	0.74	0.6666666666666667	0.5	भैंसों	भैंसे	REJECT	भैंसें:9, भैंसे:5, भैंसों:4, भैंसा:3, भैंसी:2
हुक्क	23	2	0.8333333333333334	0.8333333333333334	0.8	हुक्का	हुक्के	REJECT	हुक्का:12, हुक्के:11
कोशिक	23	3	0.7916666666666666	0.75	0.3333333333333333	कोशिकाओं	कोशिका	REJECT	कोशिकाओं:9, कोशिकाएं:8, कोशिका:6
बसेर	22	3	0.7111111111111112	0.6666666666666667	0.3333333333333333	बसेरे	बसेरों	REJECT	बसेरे:9, बसेरा:9, बसेरों:4
घोंसल	21	2	0.8333333333333334	0.8333333333333334	0.5	घोंसला	घोंसले	REJECT	घोंसला:12, घोंसले:9
प्रविष्ट	20	3	0.8055555555555555	0.75	0.75	प्रविष्टियों	प्रविष्टियां	REJECT	प्रविष्टियां:10, प्रविष्टियों:6, प्रविष्टि:4
चीट	20	2	0.8571428571428572	0.8571428571428572	0.3333333333333333	चीटियां	चीटियों	REJECT	चीटियों:13, चीटियां:7
मस्स	20	3	0.7111111111111112	0.6666666666666667	1.0	मस्से	मस्सा	REJECT	मस्सा:10, मस्से:8, मस्सों:2
सोफ	19	3	0.75	0.75	0.5	सोफे	सोफा	REJECT	सोफी:8, सोफे:6, सोफा:5
रेश	19	3	0.65	0.6	1.0	रेशे	रेशा	REJECT	रेशे:9, रेशों:8, रेशा:2
आँख	18	4	0.725	0.6	0.3333333333333333	आँखों	आँखो	REJECT	आँखों:9, आँखो:4, आँखें:3, आँखे:2
ढोकल	18	2	0.8	0.8	0.3333333333333333	ढोकला	ढोकले	REJECT	ढोकला:15, ढोकले:3
साबूद	17	2	0.875	0.875	0.3333333333333333	साबूदाना	साबूदाने	REJECT	साबूदाना:15, साबूदाने:2
करेल	17	2	0.8	0.8	0.5	करेले	करेला	REJECT	करेला:9, करेले:8
झूल	17	4	0.725	0.6	0.5	झूलते	झूला	REJECT	झूले:9, झूलते:4, झूलता:2, झूला:2
शराब	17	4	0.65	0.5	0.5	शराबे	शराबा	REJECT	शराबी:7, शराबियों:4, शराबे:4, शराबा:2
अरबपत	17	2	0.6666666666666667	0.6666666666666667	0.4	अरबपति	अरबपतियों	REJECT	अरबपति:9, अरबपतियों:8
गौशाल	16	2	0.75	0.75	0.375	गौशाला	गौशालाओं	REJECT	गौशाला:12, गौशालाओं:4
तो	16	2	0.75	0.75	0.3333333333333333	तोता	तोते	REJECT	तोता:11, तोते:5
कलाकृत	15	3	0.7666666666666666	0.7	0.5	कलाकृतियों	कलाकृतियां	REJECT	कलाकृति:10, कलाकृतियों:3, कलाकृतियां:2
धुल	15	4	0.6583333333333333	0.6	0.3333333333333333	धुलते	धुले	REJECT	धुलाई:7, धुली:4, धुलते:2, धुले:2
पल्ल	14	4	0.6333333333333333	0.5	1.0	पल्लियां	पल्लियों	REJECT	पल्ला:8, पल्लू:2, पल्लियां:2, पल्लियों:2
उल्ल	14	3	0.6476190476190476	0.5714285714285714	0.5	उल्लू	उल्लुओं	REJECT	उल्लू:10, उल्ला:2, उल्लुओं:2
ठेच	13	2	0.75	0.75	0.5	ठेचा	ठेचे	REJECT	ठेचा:11, ठेचे:2
जोत	13	3	0.6666666666666666	0.6	0.5	जोतते	जोताई	REJECT	जोतने:6, जोतते:4, जोताई:3
गाट	13	3	0.65	0.6	0.5	गाटे	गाटा	REJECT	गाटों:5, गाटे:4, गाटा:4
रान	13	2	0.4285714285714286	0.4285714285714286	0.0	रानू	रानियों	REJECT	रानू:10, रानियों:3
वुजुख	13	2	0.875	0.875	0.6666666666666666	वुजुखाना	वुजुखाने	REJECT	वुजुखाना:11, वुजुखाने:2
परीक्षार्थ	12	2	0.7142857142857143	0.7142857142857143	0.4	परीक्षार्थियों	परीक्षार्थी	REJECT	परीक्षार्थियों:7, परीक्षार्थी:5
मूंछ	12	2	0.8333333333333334	0.8333333333333334	0.5	मूंछें	मूंछों	REJECT	मूंछें:6, मूंछों:6
परिसंपत्त	12	3	0.8205128205128206	0.7692307692307692	0.5	परिसंपत्ति	परिसंपत्तियां	REJECT	परिसंपत्तियों:5, परिसंपत्ति:4, परिसंपत्तियां:3
नुकील	12	3	0.8333333333333334	0.8333333333333334	0.4	नुकीले	नुकीला	REJECT	नुकीले:8, नुकीला:2, नुकीली:2
लम्ह	12	3	0.7666666666666667	0.6666666666666667	0.5	लम्हे	लम्हें	REJECT	लम्हा:6, लम्हे:4, लम्हें:2
मीडियाकर्म	12	2	0.7142857142857143	0.7142857142857143	0.6666666666666666	मीडियाकर्मियों	मीडियाकर्मी	REJECT	मीडियाकर्मियों:9, मीडियाकर्मी:3
फेंट	11	4	0.7222222222222223	0.6666666666666667	0.5	फेंटने	फेंटे	REJECT	फेंटकर:4, फेंटें:3, फेंटने:2, फेंटे:2
गोट	11	2	0.75	0.75	0.5	गोटा	गोटे	REJECT	गोटा:7, गोटे:4
पनडुब्ब	11	3	0.7272727272727272	0.6363636363636364	0.5	पनडुब्बियों	पनडुब्बियां	REJECT	पनडुब्बी:5, पनडुब्बियों:4, पनडुब्बियां:2
चरख	10	3	0.75	0.75	0.5	चरखे	चरखा	REJECT	चरखे:4, चरखा:4, चरखी:2
खौल	10	2	0.8	0.8	0.3333333333333333	खौलता	खौलते	REJECT	खौलता:8, खौलते:2
लह	9	2	0.4	0.4	0.0	लहू	लहाने	REJECT	लहाने:5, लहू:4
मुर्द	8	2	0.8333333333333334	0.8333333333333334	0.4	मुर्दा	मुर्दे	REJECT	मुर्दा:5, मुर्दे:3
पालिस	8	2	0.5555555555555556	0.5555555555555556	0.5	पालिसी	पालिसियों	REJECT	पालिसी:6, पालिसियों:2
गांववाल	8	2	0.7777777777777778	0.7777777777777778	0.3333333333333333	गांववालों	गांववाले	REJECT	गांववालों:6, गांववाले:2
हूथ	8	2	0.4285714285714286	0.4285714285714286	1.0	हूथियों	हूथी	REJECT	हूथी:5, हूथियों:3
कोफ्	8	2	0.8333333333333334	0.8333333333333334	0.5	कोफ्ते	कोफ्ता	REJECT	कोफ्ते:4, कोफ्ता:4
कर्मबंध	8	2	0.8	0.8	0.6666666666666666	कर्मबंधु	कर्मबंधुओं	REJECT	कर्मबंधु:5, कर्मबंधुओं:3
डिग्रीधार	7	2	0.6923076923076923	0.6923076923076923	0.3333333333333333	डिग्रीधारी	डिग्रीधारियों	REJECT	डिग्रीधारियों:4, डिग्रीधारी:3
बुन	7	2	0.6	0.6	0.5	बुनकर	बुनाई	REJECT	बुनाई:4, बुनकर:3
चादर	7	2	0.8333333333333334	0.8333333333333334	0.5	चादरों	चादरें	REJECT	चादरों:4, चादरें:3
एड़	6	2	0.4285714285714286	0.4285714285714286	0.0	एड़ी	एड़ियों	REJECT	एड़ी:3, एड़ियों:3
अयोध्यावास	6	2	0.7142857142857143	0.7142857142857143	0.5	अयोध्यावासियों	अयोध्यावासी	REJECT	अयोध्यावासी:4, अयोध्यावासियों:2
जत्थ	6	2	0.8	0.8	0.3333333333333333	जत्था	जत्थे	REJECT	जत्था:4, जत्थे:2
वजूख	6	2	0.8571428571428572	0.8571428571428572	0.3333333333333333	वजूखाना	वजूखाने	REJECT	वजूखाना:4, वजूखाने:2
टोलकर्म	6	2	0.6363636363636364	0.6363636363636364	1.0	टोलकर्मियों	टोलकर्मी	REJECT	टोलकर्मियों:4, टोलकर्मी:2
टहन	6	2	0.8571428571428572	0.8571428571428572	0.3333333333333333	टहनियों	टहनियां	REJECT	टहनियां:4, टहनियों:2
अमरीक	6	2	0.8333333333333334	0.8333333333333334	0.3333333333333333	अमरीका	अमरीकी	REJECT	अमरीका:3, अमरीकी:3
बुद्धिजीव	6	2	0.6923076923076923	0.6923076923076923	0.3333333333333333	बुद्धिजीवी	बुद्धिजीवियों	REJECT	बुद्धिजीवी:3, बुद्धिजीवियों:3
तहख	6	2	0.8333333333333334	0.8333333333333334	0.5	तहखाने	तहखाना	REJECT	तहखाने:3, तहखाना:3
दोमुंह	5	2	0.8571428571428572	0.8571428571428572	0.3333333333333333	दोमुंहे	दोमुंहा	REJECT	दोमुंहा:3, दोमुंहे:2
ईर	5	2	0.4	0.4	0.0	ईरी	ईराना	REJECT	ईरी:3, ईराना:2
208व	5	2	0.8333333333333334	0.8333333333333334	0.6666666666666666	208वां	208वें	REJECT	208वां:3, 208वें:2
मुरब्ब	5	2	0.8571428571428572	0.8571428571428572	1.0	मुरब्बे	मुरब्बा	REJECT	मुरब्बा:3, मुरब्बे:2
पखवाड़	5	2	0.8571428571428572	0.8571428571428572	0.3333333333333333	पखवाड़ा	पखवाड़े	REJECT	पखवाड़ा:3, पखवाड़े:2
विपद	5	2	0.7142857142857143	0.7142857142857143	1.0	विपदाओं	विपदा	REJECT	विपदा:3, विपदाओं:2
जितव	5	2	0.7142857142857143	0.7142857142857143	0.3333333333333333	जितवाने	जितवाया	REJECT	जितवाने:3, जितवाया:2
चौप	5	2	0.5	0.5	0.5	चौपाइयों	चौपाई	REJECT	चौपाइयों:3, चौपाई:2
लिफ्ट	5	2	0.8571428571428572	0.8571428571428572	1.0	लिफ्टें	लिफ्टों	REJECT	लिफ्टों:3, लिफ्टें:2
किरायेदार	5	2	0.8181818181818181	0.8181818181818181	0.5	किरायेदारी	किरायेदारों	REJECT	किरायेदारों:3, किरायेदारी:2
